Month,Product,Size,Forecasted_Sales,Lower_Bound,Upper_Bound
2025-06-01,ALF Boys Ink Trousers,100,1.9425957428899059,0.6548399630009545,3.2124423358352274
2025-07-01,ALF Boys Ink Trousers,100,0.1874186995479259,0.0,1.4674538319260633
2025-08-01,ALF Boys Ink Trousers,100,1.6571674558649756,0.3406113123720525,2.7852084345286214
2025-09-01,ALF Boys Ink Trousers,100,0.18879426485522632,0.0,1.5362227815188878
2025-10-01,ALF Boys Ink Trousers,100,1.628689277496618,0.41450679126425266,2.8180265266483633
2025-11-01,ALF Boys Ink Trousers,100,0.36891634920450134,0.0,1.6312974002978704
2025-06-01,ALF Boys Ink Trousers,104,0.16980383625541107,0.0,2.004654857448236
2025-07-01,ALF Boys Ink Trousers,104,1.3153825724558543,0.0,3.219318638249319
2025-08-01,ALF Boys Ink Trousers,104,0.6988556665072787,0.0,2.5521538171735982
2025-09-01,ALF Boys Ink Trousers,104,1.15950261490589,0.0,2.963147103010107
2025-10-01,ALF Boys Ink Trousers,104,0.35991981456944,0.0,2.079401582025192
2025-11-01,ALF Boys Ink Trousers,104,0.8219744584892563,0.0,2.5799604402224
2025-06-01,ALF Boys Ink Trousers,108,2.2947675389908535,1.0361090234088406,3.6277373661096104
2025-07-01,ALF Boys Ink Trousers,108,0.8504039275132259,0.0,2.2031736765420953
2025-08-01,ALF Boys Ink Trousers,108,1.5599016833971606,0.25070590831162237,2.884080017148609
2025-09-01,ALF Boys Ink Trousers,108,0.8310749859931742,0.0,2.163362444012515
2025-10-01,ALF Boys Ink Trousers,108,1.3930064636081068,0.08924893341948922,2.667811223284635
2025-11-01,ALF Boys Ink Trousers,108,0.5210010300535215,0.0,1.7192061140024926
2025-06-01,ALF Boys Ink Trousers,112,0.0,0.0,0.6286665050698333
2025-07-01,ALF Boys Ink Trousers,112,0.0,0.0,0.31355230603368867
2025-08-01,ALF Boys Ink Trousers,112,0.0,0.0,0.37937000016916844
2025-09-01,ALF Boys Ink Trousers,112,0.2415265874193847,0.0,1.2902226190157635
2025-10-01,ALF Boys Ink Trousers,112,0.47919389108100363,0.0,1.6109791788129966
2025-11-01,ALF Boys Ink Trousers,112,0.0,0.0,0.7584399249959632
2025-06-01,ALF Boys Ink Trousers,116,0.881214631156384,0.3753265121015836,1.397071522840189
2025-07-01,ALF Boys Ink Trousers,116,0.6344744240752123,0.18352024105233616,1.1268738930887718
2025-08-01,ALF Boys Ink Trousers,116,0.35888450615348755,0.0,0.8646536853374753
2025-09-01,ALF Boys Ink Trousers,116,0.3366278205386965,0.0,0.8451552976641681
2025-10-01,ALF Boys Ink Trousers,116,0.28475803320329046,0.0,0.8056822969023463
2025-11-01,ALF Boys Ink Trousers,116,0.21623169361747158,0.0,0.7436114327341161
2025-06-01,ALF Boys Ink Trousers,120,0.671530804478384,0.0,1.420079566505397
2025-07-01,ALF Boys Ink Trousers,120,0.13006104545760047,0.0,0.8987684690980544
2025-08-01,ALF Boys Ink Trousers,120,0.0,0.0,0.6024466933383797
2025-09-01,ALF Boys Ink Trousers,120,0.0,0.0,0.5736160075331717
2025-10-01,ALF Boys Ink Trousers,120,0.0,0.0,0.58448618320561
2025-11-01,ALF Boys Ink Trousers,120,0.07873532681496652,0.0,0.8123174521068309
2025-06-01,ALF Boys Ink Trousers,124,0.6312001135959227,0.27832203504213443,1.0283831279487552
2025-07-01,ALF Boys Ink Trousers,124,0.06526781219047345,0.0,0.4374679674016483
2025-08-01,ALF Boys Ink Trousers,124,0.10109258975679358,0.0,0.46847921088362116
2025-09-01,ALF Boys Ink Trousers,124,0.14703375421167192,0.0,0.5361202201860882
2025-10-01,ALF Boys Ink Trousers,124,0.19800947151926418,0.0,0.5824620866425785
2025-11-01,ALF Boys Ink Trousers,124,0.24349238252070232,0.0,0.621325968804079
2025-06-01,ALF Boys Ink Trousers,128,0.4888224020254351,0.05737993916020526,0.9157029246528646
2025-07-01,ALF Boys Ink Trousers,128,0.5112871592556482,0.0965673083081596,0.9339034602770084
2025-08-01,ALF Boys Ink Trousers,128,0.5118796293136081,0.10657684507138437,0.9212773567676203
2025-09-01,ALF Boys Ink Trousers,128,0.5009510707527236,0.09509093773850055,0.8991045631157126
2025-10-01,ALF Boys Ink Trousers,128,0.47014469721695995,0.03921245273264745,0.8410071283038475
2025-11-01,ALF Boys Ink Trousers,128,0.42993786528210526,0.015359299145883019,0.8591559760303261
2025-06-01,ALF Boys Ink Trousers,152,0.06303480236341438,0.0,0.34412448446694205
2025-07-01,ALF Boys Ink Trousers,152,0.05094832483334026,0.0,0.34115288364150764
2025-08-01,ALF Boys Ink Trousers,152,0.03441020129337863,0.0,0.32516562745970745
2025-09-01,ALF Boys Ink Trousers,152,0.0193156248893981,0.0,0.3038077714462172
2025-10-01,ALF Boys Ink Trousers,152,0.004920672942229989,0.0,0.29288838824392277
2025-11-01,ALF Boys Ink Trousers,152,0.0,0.0,0.2783234337774258
2025-06-01,ALF Boys Ink Trousers,64,0.0,0.0,0.0705500388594645
2025-07-01,ALF Boys Ink Trousers,64,0.0,0.0,0.06125836074196881
2025-08-01,ALF Boys Ink Trousers,64,0.0,0.0,0.07595267194523944
2025-09-01,ALF Boys Ink Trousers,64,0.0,0.0,0.09571001631944138
2025-10-01,ALF Boys Ink Trousers,64,0.0,0.0,0.1360079929994561
2025-11-01,ALF Boys Ink Trousers,64,0.0,0.0,0.17555397711991821
2025-06-01,ALF Boys Ink Trousers,68,0.0,0.0,0.8410955636386935
2025-07-01,ALF Boys Ink Trousers,68,0.23569615454417658,0.0,1.6206083472985053
2025-08-01,ALF Boys Ink Trousers,68,0.0,0.0,0.9666188525740503
2025-09-01,ALF Boys Ink Trousers,68,0.09601440946458528,0.0,1.3691759922187474
2025-10-01,ALF Boys Ink Trousers,68,0.560259974794697,0.0,1.7785013815598625
2025-11-01,ALF Boys Ink Trousers,68,0.24974971097364246,0.0,1.5095965804371967
2025-06-01,ALF Boys Ink Trousers,72,0.8842290078954278,0.0,3.091315387481225
2025-07-01,ALF Boys Ink Trousers,72,1.5220672771142638,0.0,3.6225395461144725
2025-08-01,ALF Boys Ink Trousers,72,0.4378010023088039,0.0,2.429983514038602
2025-09-01,ALF Boys Ink Trousers,72,0.7876106881556297,0.0,3.1604570578982036
2025-10-01,ALF Boys Ink Trousers,72,1.958966665072812,0.027491927279979223,4.138282797778826
2025-11-01,ALF Boys Ink Trousers,72,0.3570819636633922,0.0,2.478096978031116
2025-06-01,ALF Boys Ink Trousers,76,5.384047746708004,2.3810685662303346,8.511663589225181
2025-07-01,ALF Boys Ink Trousers,76,2.7866653640233667,0.0,6.1063789472041705
2025-08-01,ALF Boys Ink Trousers,76,1.6617873676754273,0.0,4.867709116466302
2025-09-01,ALF Boys Ink Trousers,76,1.6130115207456277,0.0,4.8253653394157565
2025-10-01,ALF Boys Ink Trousers,76,2.4377189198424114,0.0,5.650048063226129
2025-11-01,ALF Boys Ink Trousers,76,2.1378402646737706,0.0,4.944019502985011
2025-06-01,ALF Boys Ink Trousers,80,4.746792514292753,2.5772080821428625,6.897850658903528
2025-07-01,ALF Boys Ink Trousers,80,3.178161964474598,0.8987601245529927,5.331775337782639
2025-08-01,ALF Boys Ink Trousers,80,3.1041767503191915,0.8632444837431522,5.255211887117383
2025-09-01,ALF Boys Ink Trousers,80,0.6754201637014514,0.0,2.9627828966252117
2025-10-01,ALF Boys Ink Trousers,80,0.44941632999973624,0.0,2.7620261891962263
2025-11-01,ALF Boys Ink Trousers,80,1.1198918891135103,0.0,3.3507274036273045
2025-06-01,ALF Boys Ink Trousers,84,3.112076444146388,0.19599205995375768,5.88868278576722
2025-07-01,ALF Boys Ink Trousers,84,3.015036995193129,0.16832850901743476,5.722514992154935
2025-08-01,ALF Boys Ink Trousers,84,2.1255515023847256,0.0,4.970259681146214
2025-09-01,ALF Boys Ink Trousers,84,2.7292488471965806,0.01353751970027364,5.6195445169416685
2025-10-01,ALF Boys Ink Trousers,84,3.182698385606479,0.317464308277815,6.084672778290865
2025-11-01,ALF Boys Ink Trousers,84,2.0450102872104012,0.0,4.887123469737093
2025-06-01,ALF Boys Ink Trousers,88,3.2609264671484843,0.0,7.065775156384291
2025-07-01,ALF Boys Ink Trousers,88,4.183484178566115,0.28275607203225855,7.980839847073755
2025-08-01,ALF Boys Ink Trousers,88,5.1626537426553805,1.4567496868605647,8.90486119916392
2025-09-01,ALF Boys Ink Trousers,88,3.0358798235190374,0.0,7.023731438168466
2025-10-01,ALF Boys Ink Trousers,88,1.5900657418421948,0.0,5.428935667632971
2025-11-01,ALF Boys Ink Trousers,88,3.4139619209123664,0.0,7.285274024694639
2025-06-01,ALF Boys Ink Trousers,92,6.1631535187136475,2.6672328617918954,9.730153598272109
2025-07-01,ALF Boys Ink Trousers,92,3.443225234975344,0.22353665721167976,6.618507620551604
2025-08-01,ALF Boys Ink Trousers,92,2.963974877378785,0.0,6.4069358797225995
2025-09-01,ALF Boys Ink Trousers,92,1.4432006094323953,0.0,4.822624361655697
2025-10-01,ALF Boys Ink Trousers,92,1.3124685873492212,0.0,4.483583933565933
2025-11-01,ALF Boys Ink Trousers,92,2.2470241358553995,0.0,5.580447581729701
2025-06-01,ALF Boys Ink Trousers,96,4.003502878682768,2.327376796743234,5.6693716024398455
2025-07-01,ALF Boys Ink Trousers,96,2.30458747257377,0.48754313280042344,3.9024884089271135
2025-08-01,ALF Boys Ink Trousers,96,2.366432922756014,0.8332193933209736,4.14301314282663
2025-09-01,ALF Boys Ink Trousers,96,1.8563450660606475,0.18415701895917025,3.5285469982027076
2025-10-01,ALF Boys Ink Trousers,96,1.0506995551695013,0.0,2.8093003572085946
2025-11-01,ALF Boys Ink Trousers,96,1.3838115828675899,0.0,3.0142294626149866
2025-06-01,ALF Jacket,2XL,0.0,0.0,0.5960928231504777
2025-07-01,ALF Jacket,2XL,0.0,0.0,0.7811803538224742
2025-08-01,ALF Jacket,2XL,1.7802202819729118,0.8720397781449666,2.673194476809319
2025-09-01,ALF Jacket,2XL,0.0,0.0,0.631211210477268
2025-10-01,ALF Jacket,2XL,0.0,0.0,0.12192560116150616
2025-11-01,ALF Jacket,2XL,0.0,0.0,0.24265248581124751
2025-06-01,ALF Jacket,2XS,0.0,0.0,0.1336035562535848
2025-07-01,ALF Jacket,2XS,0.0,0.0,0.13644840031560304
2025-08-01,ALF Jacket,2XS,0.0,0.0,0.15121789343289355
2025-09-01,ALF Jacket,2XS,0.0,0.0,0.14093520670780282
2025-10-01,ALF Jacket,2XS,0.0,0.0,0.14674593603683575
2025-11-01,ALF Jacket,2XS,0.0,0.0,0.1513528678497603
2025-06-01,ALF Jacket,3XL,0.36737419456656006,0.0,1.5972224214701483
2025-07-01,ALF Jacket,3XL,0.0,0.0,0.8021067920546792
2025-08-01,ALF Jacket,3XL,0.0,0.0,1.0976297433046363
2025-09-01,ALF Jacket,3XL,0.0,0.0,0.823823824104327
2025-10-01,ALF Jacket,3XL,0.2072360789137767,0.0,1.5578446616705943
2025-11-01,ALF Jacket,3XL,0.0,0.0,0.9084039793152627
2025-06-01,ALF Jacket,4XL,0.0,0.0,0.3675781858733818
2025-07-01,ALF Jacket,4XL,0.07077563334459569,0.0,0.700866580785172
2025-08-01,ALF Jacket,4XL,0.08671816276245647,0.0,0.7446069335478237
2025-09-01,ALF Jacket,4XL,0.0,0.0,0.4523282886166511
2025-10-01,ALF Jacket,4XL,0.0,0.0,0.4119016281065724
2025-11-01,ALF Jacket,4XL,0.0,0.0,0.3221921827274934
2025-06-01,ALF Jacket,5XL,1.114410806901718,0.4564991412238563,1.8242830042799298
2025-07-01,ALF Jacket,5XL,0.09176470980688683,0.0,0.7344655045034197
2025-08-01,ALF Jacket,5XL,0.21032514916273548,0.0,0.892427899102033
2025-09-01,ALF Jacket,5XL,0.0,0.0,0.4333931361315382
2025-10-01,ALF Jacket,5XL,0.0,0.0,0.4229779351673082
2025-11-01,ALF Jacket,5XL,0.0,0.0,0.4151746640789642
2025-06-01,ALF Jacket,7XL,0.0,0.0,0.10189172407500338
2025-07-01,ALF Jacket,7XL,0.24428225096978667,0.0878326293710329,0.4074709531388922
2025-08-01,ALF Jacket,7XL,0.0,0.0,0.11805171484784834
2025-09-01,ALF Jacket,7XL,0.0,0.0,0.11572193414389688
2025-10-01,ALF Jacket,7XL,0.0,0.0,0.11545424175134453
2025-11-01,ALF Jacket,7XL,0.0,0.0,0.09802074703151106
2025-06-01,ALF Jacket,L,0.17168183506953394,0.0,3.0645942456309982
2025-07-01,ALF Jacket,L,0.0,0.0,2.7090446792231444
2025-08-01,ALF Jacket,L,0.6329893791195489,0.0,3.4550972917003295
2025-09-01,ALF Jacket,L,0.0,0.0,2.3977830677680267
2025-10-01,ALF Jacket,L,0.0,0.0,1.9995321277077578
2025-11-01,ALF Jacket,L,0.0,0.0,1.692028320109521
2025-06-01,ALF Jacket,M,2.1277127849288053,0.33085808021931673,3.6757961302367748
2025-07-01,ALF Jacket,M,2.785597689039065,0.8346202388371889,4.41206567395052
2025-08-01,ALF Jacket,M,1.3207214676242174,0.0,3.06737687619742
2025-09-01,ALF Jacket,M,0.19618988786464975,0.0,1.8874822827656714
2025-10-01,ALF Jacket,M,0.0,0.0,1.526347251026269
2025-11-01,ALF Jacket,M,0.2545878509082824,0.0,1.9370815730575524
2025-06-01,ALF Jacket,S,3.585351873584352,1.1536805985367147,6.145296732099283
2025-07-01,ALF Jacket,S,1.2721152644478444,0.0,3.8749877237794315
2025-08-01,ALF Jacket,S,1.6408146256580949,0.0,3.982930233101947
2025-09-01,ALF Jacket,S,0.9915250151323054,0.0,3.4469447437097
2025-10-01,ALF Jacket,S,2.486665697131688,0.17425154807381316,5.112045399312067
2025-11-01,ALF Jacket,S,0.5676701640461443,0.0,2.9705844684271874
2025-06-01,ALF Jacket,XL,0.0,0.0,0.2987021882154331
2025-07-01,ALF Jacket,XL,0.0,0.0,0.542483833889975
2025-08-01,ALF Jacket,XL,0.0,0.0,0.0683120759202909
2025-09-01,ALF Jacket,XL,0.0,0.0,0.14680150044028498
2025-10-01,ALF Jacket,XL,0.0,0.0,0.05410575472198683
2025-11-01,ALF Jacket,XL,0.0,0.0,0.1095917675912714
2025-06-01,ALF Jacket,XS,1.528250111829411,0.0,4.195184312767923
2025-07-01,ALF Jacket,XS,0.3366803980728812,0.0,2.983611318513295
2025-08-01,ALF Jacket,XS,0.07691518220768367,0.0,2.8864467715274693
2025-09-01,ALF Jacket,XS,0.2138101030143642,0.0,2.604512550846477
2025-10-01,ALF Jacket,XS,0.5636710464505148,0.0,3.3446285802791005
2025-11-01,ALF Jacket,XS,0.0,0.0,2.303794723697736
2025-06-01,ALF Jnr Blouse,10,2.727614281954815,0.0,7.352218542325724
2025-07-01,ALF Jnr Blouse,10,3.203843545271986,0.0,7.968249980163488
2025-08-01,ALF Jnr Blouse,10,4.347232080053574,0.0,9.11354360132996
2025-09-01,ALF Jnr Blouse,10,2.2582915170294315,0.0,6.768229830851663
2025-10-01,ALF Jnr Blouse,10,3.104683169118297,0.0,7.553602106217603
2025-11-01,ALF Jnr Blouse,10,2.221690324378223,0.0,6.725039458562935
2025-06-01,ALF Jnr Blouse,12,3.9825111974258123,1.9991800189482223,5.900649149419975
2025-07-01,ALF Jnr Blouse,12,4.262957461896889,2.2609803640792,6.20551792306119
2025-08-01,ALF Jnr Blouse,12,2.957656966159102,0.8682068038065576,5.053590799711413
2025-09-01,ALF Jnr Blouse,12,2.3668621710523574,0.43097599868228403,4.299595054183209
2025-10-01,ALF Jnr Blouse,12,1.8853066185357292,0.0,3.988883969387421
2025-11-01,ALF Jnr Blouse,12,2.667382393546826,0.6914376221164842,4.552219330831276
2025-06-01,ALF Jnr Blouse,14,3.9415302100914342,0.4656623017813702,7.536683527672862
2025-07-01,ALF Jnr Blouse,14,5.898857311931817,2.3705056538189995,9.71400460816738
2025-08-01,ALF Jnr Blouse,14,4.41501539162563,0.6956077548031657,8.194426065621437
2025-09-01,ALF Jnr Blouse,14,2.331517026770654,0.0,6.078706950399058
2025-10-01,ALF Jnr Blouse,14,2.824910745867612,0.0,6.409004211077245
2025-11-01,ALF Jnr Blouse,14,1.263575749023456,0.0,5.008136794071612
2025-06-01,ALF Jnr Blouse,16,0.4909412492102385,0.0,2.8952514947874053
2025-07-01,ALF Jnr Blouse,16,2.1724929606411516,0.0,4.708910473790901
2025-08-01,ALF Jnr Blouse,16,2.8673968472435556,0.4275204672158923,5.46310386722266
2025-09-01,ALF Jnr Blouse,16,0.31467656967204594,0.0,2.896949036849169
2025-10-01,ALF Jnr Blouse,16,1.6455574546451386,0.0,4.2444257261806575
2025-11-01,ALF Jnr Blouse,16,0.4015962969508613,0.0,2.883999092047631
2025-06-01,ALF Jnr Blouse,18,1.1490800071610237,0.0,2.7355623372902134
2025-07-01,ALF Jnr Blouse,18,1.8160250710377057,0.30778778668790363,3.567104461355089
2025-08-01,ALF Jnr Blouse,18,0.615044709585947,0.0,2.1937209058123086
2025-09-01,ALF Jnr Blouse,18,0.9580859140817739,0.0,2.6060772299883523
2025-10-01,ALF Jnr Blouse,18,0.0,0.0,1.2626850776235088
2025-11-01,ALF Jnr Blouse,18,0.20323422088448995,0.0,1.7835905053033227
2025-06-01,ALF Jnr Blouse,20,0.0,0.0,2.10742987854211
2025-07-01,ALF Jnr Blouse,20,0.0,0.0,1.7386091262727335
2025-08-01,ALF Jnr Blouse,20,0.0,0.0,1.5353971843625347
2025-09-01,ALF Jnr Blouse,20,0.0,0.0,1.8675143874029074
2025-10-01,ALF Jnr Blouse,20,0.6008977053190779,0.0,3.0323872681381783
2025-11-01,ALF Jnr Blouse,20,0.0,0.0,1.8480359868937435
2025-06-01,ALF Jnr Blouse,22,0.0,0.0,0.30177771820048965
2025-07-01,ALF Jnr Blouse,22,0.0,0.0,0.30819048596769705
2025-08-01,ALF Jnr Blouse,22,0.0,0.0,0.46346290790766576
2025-09-01,ALF Jnr Blouse,22,0.0,0.0,0.5854138513834692
2025-10-01,ALF Jnr Blouse,22,0.0,0.0,0.3486195292180476
2025-11-01,ALF Jnr Blouse,22,0.0,0.0,0.3605994573695989
2025-06-01,ALF Jnr Blouse,24,0.0,0.0,0.47712398012604834
2025-07-01,ALF Jnr Blouse,24,0.0,0.0,1.0046683837395118
2025-08-01,ALF Jnr Blouse,24,0.0,0.0,0.7719944796321146
2025-09-01,ALF Jnr Blouse,24,0.0,0.0,0.49657438827608424
2025-10-01,ALF Jnr Blouse,24,0.0,0.0,0.44196594149616397
2025-11-01,ALF Jnr Blouse,24,0.0,0.0,0.29613531405897275
2025-06-01,ALF Jnr Blouse,26,0.13043530077476717,0.0,0.6143298903656195
2025-07-01,ALF Jnr Blouse,26,0.11952119854522913,0.0,0.6504937823720355
2025-08-01,ALF Jnr Blouse,26,0.3729260512352883,0.0,0.8604047977874879
2025-09-01,ALF Jnr Blouse,26,0.039606865765581256,0.0,0.511968439971196
2025-10-01,ALF Jnr Blouse,26,1.1134913936038873,0.6005634059417302,1.5859470086310143
2025-11-01,ALF Jnr Blouse,26,0.0,0.0,0.4088480761194645
2025-06-01,ALF Jnr Blouse,28,0.0,0.0,0.3217894204716053
2025-07-01,ALF Jnr Blouse,28,0.49849748939590877,0.062434547141315216,0.9254501792276421
2025-08-01,ALF Jnr Blouse,28,0.0,0.0,0.33231222088622103
2025-09-01,ALF Jnr Blouse,28,0.011467687526119652,0.0,0.4205034864108232
2025-10-01,ALF Jnr Blouse,28,0.09884518666195174,0.0,0.48026291368178997
2025-11-01,ALF Jnr Blouse,28,0.19209245896107857,0.0,0.5819570492005676
2025-06-01,ALF Jnr Blouse,30,0.21361107748569788,0.0,0.49177214385585627
2025-07-01,ALF Jnr Blouse,30,0.21291631902408242,0.0,0.5108131443374254
2025-08-01,ALF Jnr Blouse,30,0.2022809377507449,0.0,0.4994266132037967
2025-09-01,ALF Jnr Blouse,30,0.18811926675780638,0.0,0.4452030559389673
2025-10-01,ALF Jnr Blouse,30,0.17005770323354338,0.0,0.43473031340752877
2025-11-01,ALF Jnr Blouse,30,0.15349762871865402,0.0,0.45193368987171034
2025-06-01,ALF Jnr Blouse,6,2.0776412271728075,1.0623636002102874,3.2050045484208693
2025-07-01,ALF Jnr Blouse,6,1.3441006100430641,0.15412857597821578,2.4275143265697237
2025-08-01,ALF Jnr Blouse,6,1.660387335577279,0.5365501003096153,2.813232093334625
2025-09-01,ALF Jnr Blouse,6,1.0707422874360166,0.0,2.2749991980115336
2025-10-01,ALF Jnr Blouse,6,1.4321661476116323,0.268572787976138,2.5937228163145734
2025-11-01,ALF Jnr Blouse,6,2.3635097428700953,1.1272188991055132,3.404030058318807
2025-06-01,ALF Jnr Blouse,8,2.852892189276428,0.04934187265472889,5.623312102675436
2025-07-01,ALF Jnr Blouse,8,2.0757903819690675,0.0,4.850849166459114
2025-08-01,ALF Jnr Blouse,8,3.5872690646899423,0.6813647056115179,6.378758002931553
2025-09-01,ALF Jnr Blouse,8,2.246097378799021,0.0,5.175203233420991
2025-10-01,ALF Jnr Blouse,8,3.051188443897598,0.218366409135722,5.841129545262195
2025-11-01,ALF Jnr Blouse,8,1.8073664942336132,0.0,4.690577798724602
2025-06-01,ALF Jnr Shirt,10,0.0,0.0,1.466778621670586
2025-07-01,ALF Jnr Shirt,10,0.7272917141220512,0.0,2.2432626313489856
2025-08-01,ALF Jnr Shirt,10,0.4600937251125885,0.0,2.011310490209164
2025-09-01,ALF Jnr Shirt,10,0.7263259840448042,0.0,2.258319834725952
2025-10-01,ALF Jnr Shirt,10,1.0391817901597455,0.0,2.5708456837422458
2025-11-01,ALF Jnr Shirt,10,0.3908276138546152,0.0,1.8150090661758078
2025-06-01,ALF Jnr Shirt,12,0.2810827815596588,0.0,1.7160795444360402
2025-07-01,ALF Jnr Shirt,12,2.6946014730726935,1.1741986365315031,4.128801235890046
2025-08-01,ALF Jnr Shirt,12,1.1609088740400566,0.0,2.6439005299163183
2025-09-01,ALF Jnr Shirt,12,0.8030002373682135,0.0,2.1323161972105513
2025-10-01,ALF Jnr Shirt,12,1.4139314290251468,0.0,2.9159090533790573
2025-11-01,ALF Jnr Shirt,12,1.228729250423164,0.0,2.642447753204835
2025-06-01,ALF Jnr Shirt,14,2.597907787195977,0.0,6.762900931073009
2025-07-01,ALF Jnr Shirt,14,3.7358238306564475,0.0,7.934160951919812
2025-08-01,ALF Jnr Shirt,14,4.372402019705524,0.2224108460243224,8.418746157000863
2025-09-01,ALF Jnr Shirt,14,3.4505038831484858,0.0,7.580734825506922
2025-10-01,ALF Jnr Shirt,14,2.1506964638493162,0.0,6.2688725390475515
2025-11-01,ALF Jnr Shirt,14,1.796463578144074,0.0,5.661057477197731
2025-06-01,ALF Jnr Shirt,2XL,0.0,0.0,0.5246090965912301
2025-07-01,ALF Jnr Shirt,2XL,0.0,0.0,0.7047612596645924
2025-08-01,ALF Jnr Shirt,2XL,0.0,0.0,0.8102836644882132
2025-09-01,ALF Jnr Shirt,2XL,0.0,0.0,0.8003853266358756
2025-10-01,ALF Jnr Shirt,2XL,0.0,0.0,1.4421904291151322
2025-11-01,ALF Jnr Shirt,2XL,1.159901935994779,0.0,2.7962545217956465
2025-06-01,ALF Jnr Shirt,3XL,0.0,0.0,0.2945669758478779
2025-07-01,ALF Jnr Shirt,3XL,0.0,0.0,0.6926998411387844
2025-08-01,ALF Jnr Shirt,3XL,0.0,0.0,0.05308975733449953
2025-09-01,ALF Jnr Shirt,3XL,0.0,0.0,2.008903557679639
2025-10-01,ALF Jnr Shirt,3XL,0.0,0.0,0.3622681215013495
2025-11-01,ALF Jnr Shirt,3XL,0.0,0.0,1.49431106860363
2025-06-01,ALF Jnr Shirt,4XL,0.21285400542991162,0.0,1.2024011823347243
2025-07-01,ALF Jnr Shirt,4XL,0.25280663537111636,0.0,1.2980732130641706
2025-08-01,ALF Jnr Shirt,4XL,0.3812092267834618,0.0,1.4159937215935507
2025-09-01,ALF Jnr Shirt,4XL,0.18149022826881334,0.0,1.2630069829397443
2025-10-01,ALF Jnr Shirt,4XL,0.3714077554130347,0.0,1.4521593304202058
2025-11-01,ALF Jnr Shirt,4XL,0.0,0.0,1.0419622282560819
2025-06-01,ALF Jnr Shirt,5XL,0.0,0.0,0.9275665069199316
2025-07-01,ALF Jnr Shirt,5XL,0.0,0.0,0.8838254203303576
2025-08-01,ALF Jnr Shirt,5XL,0.1415107337885031,0.0,1.1526568448790346
2025-09-01,ALF Jnr Shirt,5XL,0.0,0.0,0.7439215272943255
2025-10-01,ALF Jnr Shirt,5XL,0.0,0.0,0.9362552044261108
2025-11-01,ALF Jnr Shirt,5XL,0.0,0.0,0.8066696593339959
2025-06-01,ALF Jnr Shirt,6XL,0.0,0.0,0.34002347566161434
2025-07-01,ALF Jnr Shirt,6XL,0.0,0.0,0.011417968523418738
2025-08-01,ALF Jnr Shirt,6XL,0.0,0.0,0.2732423284312318
2025-09-01,ALF Jnr Shirt,6XL,0.0,0.0,0.1572525011237536
2025-10-01,ALF Jnr Shirt,6XL,0.0,0.0,0.24654851590323656
2025-11-01,ALF Jnr Shirt,6XL,0.0,0.0,0.13387818688753084
2025-06-01,ALF Jnr Shirt,7XL,0.30312017602150476,0.04007630621380229,0.554473584323464
2025-07-01,ALF Jnr Shirt,7XL,0.31260743913265576,0.050248555018017706,0.56885943454964
2025-08-01,ALF Jnr Shirt,7XL,0.4368054044368038,0.1789501543091544,0.696651319691803
2025-09-01,ALF Jnr Shirt,7XL,0.2527052401563084,0.0,0.5067498722547532
2025-10-01,ALF Jnr Shirt,7XL,0.19227679883577953,0.0,0.44320548602234405
2025-11-01,ALF Jnr Shirt,7XL,0.13156742724494597,0.0,0.37079355658124824
2025-06-01,ALF Jnr Shirt,L,0.7651145041676299,0.0,3.602199194126238
2025-07-01,ALF Jnr Shirt,L,0.6752803631306437,0.0,3.5535946241586727
2025-08-01,ALF Jnr Shirt,L,0.0,0.0,2.1121295832087714
2025-09-01,ALF Jnr Shirt,L,0.0,0.0,2.9181027014816174
2025-10-01,ALF Jnr Shirt,L,0.0,0.0,3.0655306635321087
2025-11-01,ALF Jnr Shirt,L,1.2728651832590971,0.0,4.3001795075009825
2025-06-01,ALF Jnr Shirt,M,0.775044345803261,0.0,4.280562834397802
2025-07-01,ALF Jnr Shirt,M,0.40241842233579206,0.0,4.18182869064233
2025-08-01,ALF Jnr Shirt,M,0.4864996888444235,0.0,4.278839633060735
2025-09-01,ALF Jnr Shirt,M,0.0,0.0,3.7975039368470815
2025-10-01,ALF Jnr Shirt,M,0.0,0.0,3.612684120108414
2025-11-01,ALF Jnr Shirt,M,0.188849605980427,0.0,3.538662578367793
2025-06-01,ALF Jnr Shirt,S,1.9319961835448898,0.0,4.684184618725795
2025-07-01,ALF Jnr Shirt,S,3.574770645554929,0.880059019988907,6.430224216029239
2025-08-01,ALF Jnr Shirt,S,2.6725309574265173,0.0,5.241714784698857
2025-09-01,ALF Jnr Shirt,S,2.400797475692126,0.0,5.121960118535772
2025-10-01,ALF Jnr Shirt,S,2.259917867937003,0.0,4.980750926406238
2025-11-01,ALF Jnr Shirt,S,1.4488720942240398,0.0,4.135880614890144
2025-06-01,ALF Jnr Shirt,XL,0.0,0.0,1.5792356540282364
2025-07-01,ALF Jnr Shirt,XL,0.0,0.0,2.1458927422719896
2025-08-01,ALF Jnr Shirt,XL,0.0,0.0,1.7429126888353488
2025-09-01,ALF Jnr Shirt,XL,0.0,0.0,1.869289471294757
2025-10-01,ALF Jnr Shirt,XL,0.0,0.0,2.174165637219614
2025-11-01,ALF Jnr Shirt,XL,0.0,0.0,2.7144245409690586
2025-06-01,ALF Long Skirt,10,5.236213025049221,0.5562238921655248,10.18809180222819
2025-07-01,ALF Long Skirt,10,4.861459239225953,0.0,9.981449229088264
2025-08-01,ALF Long Skirt,10,6.8438597033973805,1.6583148389966167,11.72864040766504
2025-09-01,ALF Long Skirt,10,4.026890756655156,0.0,8.876339342101893
2025-10-01,ALF Long Skirt,10,5.838088415450141,1.2611052479466458,10.651783605268884
2025-11-01,ALF Long Skirt,10,4.3372437440351685,0.0,9.233994011463677
2025-06-01,ALF Long Skirt,12,4.903911871119487,1.5449647835792457,7.979362276026413
2025-07-01,ALF Long Skirt,12,4.003703177747887,0.586791593496307,7.054799278637742
2025-08-01,ALF Long Skirt,12,4.500347111127808,1.1686791723543017,7.473052792028081
2025-09-01,ALF Long Skirt,12,2.8491827822680342,0.0,6.12052621682358
2025-10-01,ALF Long Skirt,12,3.310614534476626,0.20077307733617722,6.644492995827827
2025-11-01,ALF Long Skirt,12,3.3620147666810145,0.30815898651504475,6.412240342806373
2025-06-01,ALF Long Skirt,14,3.3215694820085213,0.0,7.20447440720744
2025-07-01,ALF Long Skirt,14,4.413131213790634,0.3761761025680023,8.061076436511422
2025-08-01,ALF Long Skirt,14,5.2510043697697855,1.396875105046475,8.869581731735307
2025-09-01,ALF Long Skirt,14,3.760654926186888,0.3341484162952882,7.7393347825106975
2025-10-01,ALF Long Skirt,14,2.7422671210539327,0.0,6.334281508748934
2025-11-01,ALF Long Skirt,14,1.7977404400488544,0.0,5.556200831692967
2025-06-01,ALF Long Skirt,16,4.256250605508003,0.6756338782834339,7.6472932216046745
2025-07-01,ALF Long Skirt,16,4.999660413016151,1.3490084240602038,8.15878009280532
2025-08-01,ALF Long Skirt,16,4.259635352903262,0.6207269456392375,7.749088587176419
2025-09-01,ALF Long Skirt,16,2.646637300307332,0.0,6.182357461152195
2025-10-01,ALF Long Skirt,16,3.8253761752152347,0.3891092366998912,7.180194086229994
2025-11-01,ALF Long Skirt,16,2.564556176049327,0.0,5.856920435963399
2025-06-01,ALF Long Skirt,18,2.644560545760147,0.0,6.176589389454352
2025-07-01,ALF Long Skirt,18,1.9196351276541836,0.0,5.3452397944766
2025-08-01,ALF Long Skirt,18,1.9744488953143313,0.0,5.284589913445912
2025-09-01,ALF Long Skirt,18,1.1455112419828493,0.0,4.635744810718819
2025-10-01,ALF Long Skirt,18,3.2851157654221934,0.0,6.850349969771981
2025-11-01,ALF Long Skirt,18,0.8561148283917808,0.0,4.1440902985836425
2025-06-01,ALF Long Skirt,20,1.774317923882035,0.4842939217195174,3.1288833295139
2025-07-01,ALF Long Skirt,20,0.892554948005676,0.0,2.2679571811326995
2025-08-01,ALF Long Skirt,20,1.070228309439398,0.0,2.2871715099911816
2025-09-01,ALF Long Skirt,20,1.2919883974548882,0.0,2.581531374388935
2025-10-01,ALF Long Skirt,20,0.5406405105008636,0.0,1.9285553117879206
2025-11-01,ALF Long Skirt,20,0.5016606216375306,0.0,1.8048729093862015
2025-06-01,ALF Long Skirt,22,0.5027621357016272,0.0,1.4718204869558065
2025-07-01,ALF Long Skirt,22,1.2514314210851962,0.2335542212838449,2.1768631929114086
2025-08-01,ALF Long Skirt,22,0.8198744577216182,0.0,1.789261477303641
2025-09-01,ALF Long Skirt,22,1.5160495403483845,0.5504457460928787,2.491219327629739
2025-10-01,ALF Long Skirt,22,1.070872913894437,0.09162229382502018,2.071937847899588
2025-11-01,ALF Long Skirt,22,0.7574265504427312,0.0,1.7742924380945757
2025-06-01,ALF Long Skirt,24,0.11487416292677743,0.0,0.9407063001850131
2025-07-01,ALF Long Skirt,24,0.13049485813055273,0.0,0.934589364693093
2025-08-01,ALF Long Skirt,24,0.1492346475565639,0.0,0.9768495362390296
2025-09-01,ALF Long Skirt,24,0.4581229847176521,0.0,1.274520997262057
2025-10-01,ALF Long Skirt,24,0.7584836976451126,0.0,1.5560736752194824
2025-11-01,ALF Long Skirt,24,0.19866374148005328,0.0,0.9332019443633559
2025-06-01,ALF Long Skirt,26,0.04285759641995396,0.0,0.9608856855475678
2025-07-01,ALF Long Skirt,26,0.013164075480055104,0.0,0.9626749899364269
2025-08-01,ALF Long Skirt,26,0.0,0.0,0.8717248093254304
2025-09-01,ALF Long Skirt,26,0.0,0.0,0.8585054183755008
2025-10-01,ALF Long Skirt,26,0.5512756235000101,0.0,1.4830907250711483
2025-11-01,ALF Long Skirt,26,0.0,0.0,0.8839939015754477
2025-06-01,ALF Long Skirt,28,0.3240938817896811,0.0,0.9415040254093883
2025-07-01,ALF Long Skirt,28,0.3027438387891598,0.0,0.9403650506037075
2025-08-01,ALF Long Skirt,28,0.5688140710258318,0.0,1.141704299539294
2025-09-01,ALF Long Skirt,28,0.26840518201695296,0.0,0.8253649547270323
2025-10-01,ALF Long Skirt,28,0.8214032140139415,0.25549330484612615,1.3794109367100367
2025-11-01,ALF Long Skirt,28,0.24679475731456274,0.0,0.8722896773734823
2025-06-01,ALF Long Skirt,4,2.053398305068805,0.9038723489397699,3.171405468757335
2025-07-01,ALF Long Skirt,4,0.7458038551320745,0.0,1.946662434363566
2025-08-01,ALF Long Skirt,4,1.0696395182305594,0.0,2.1798538383719537
2025-09-01,ALF Long Skirt,4,1.4198417396080658,0.2588742363902497,2.5177842364431555
2025-10-01,ALF Long Skirt,4,0.9359664566423539,0.0,2.1040515670501714
2025-11-01,ALF Long Skirt,4,1.0364007692265476,0.0,2.13272011174697
2025-06-01,ALF Long Skirt,6,1.6893163034147054,0.0,4.649570648830619
2025-07-01,ALF Long Skirt,6,2.0361112708566105,0.0,4.9143331412314115
2025-08-01,ALF Long Skirt,6,1.9917533977275934,0.0,4.823407146702881
2025-09-01,ALF Long Skirt,6,1.856401422730325,0.0,4.763623023064148
2025-10-01,ALF Long Skirt,6,1.756533908552984,0.0,4.75941702200959
2025-11-01,ALF Long Skirt,6,2.831163959119723,0.0,5.802108508307011
2025-06-01,ALF Long Skirt,8,4.097313271337082,0.6586232547325216,7.736989208288558
2025-07-01,ALF Long Skirt,8,4.129274159547237,0.4497862339158141,7.728423491960912
2025-08-01,ALF Long Skirt,8,3.9352064041631483,0.35459556400324704,7.535599854102605
2025-09-01,ALF Long Skirt,8,2.6151654477712145,0.0,6.351020895339905
2025-10-01,ALF Long Skirt,8,3.0342324518076462,0.0,6.735481494319445
2025-11-01,ALF Long Skirt,8,2.7876331968329495,0.0,6.414116265607446
2025-06-01,ALF Navy Skirt,10,0.0,0.0,1.7015102597700682
2025-07-01,ALF Navy Skirt,10,0.0,0.0,1.2858243987461215
2025-08-01,ALF Navy Skirt,10,0.0,0.0,1.6209974198647061
2025-09-01,ALF Navy Skirt,10,0.0,0.0,1.377242894363365
2025-10-01,ALF Navy Skirt,10,0.18655319094422396,0.0,1.9501470907763472
2025-11-01,ALF Navy Skirt,10,0.0,0.0,1.3800440086445884
2025-06-01,ALF Navy Skirt,12,0.0,0.0,0.337490002716179
2025-07-01,ALF Navy Skirt,12,0.0,0.0,0.25779337346568737
2025-08-01,ALF Navy Skirt,12,0.0,0.0,0.8600955418543317
2025-09-01,ALF Navy Skirt,12,0.0,0.0,0.4788584428736677
2025-10-01,ALF Navy Skirt,12,0.0,0.0,0.3183882770412554
2025-11-01,ALF Navy Skirt,12,0.0,0.0,0.0
2025-06-01,ALF Navy Skirt,14,0.0,0.0,0.5795001535912077
2025-07-01,ALF Navy Skirt,14,0.0,0.0,0.5018098638682614
2025-08-01,ALF Navy Skirt,14,0.0,0.0,1.1760587631127035
2025-09-01,ALF Navy Skirt,14,0.0,0.0,0.6745040220047646
2025-10-01,ALF Navy Skirt,14,0.0,0.0,0.23905082029270341
2025-11-01,ALF Navy Skirt,14,0.0,0.0,0.668790194788342
2025-06-01,ALF Navy Skirt,16,0.0,0.0,0.359774914254432
2025-07-01,ALF Navy Skirt,16,0.0,0.0,1.3301011336802409
2025-08-01,ALF Navy Skirt,16,0.3738748976996471,0.0,1.919011775121615
2025-09-01,ALF Navy Skirt,16,0.0,0.0,0.6448129072990781
2025-10-01,ALF Navy Skirt,16,0.0,0.0,0.7113631246725568
2025-11-01,ALF Navy Skirt,16,0.0,0.0,1.0796073198064993
2025-06-01,ALF Navy Skirt,18,0.0,0.0,0.8462196309215523
2025-07-01,ALF Navy Skirt,18,0.0,0.0,0.6296732926618576
2025-08-01,ALF Navy Skirt,18,0.0,0.0,0.6265588520649743
2025-09-01,ALF Navy Skirt,18,0.0,0.0,0.6374762073300734
2025-10-01,ALF Navy Skirt,18,0.0,0.0,0.5930117212546465
2025-11-01,ALF Navy Skirt,18,0.0,0.0,0.6370895048354115
2025-06-01,ALF Navy Skirt,20,0.0,0.0,0.2440407627870362
2025-07-01,ALF Navy Skirt,20,0.0,0.0,0.22227651435417503
2025-08-01,ALF Navy Skirt,20,0.0,0.0,0.3363450160752949
2025-09-01,ALF Navy Skirt,20,0.0,0.0,0.27700108721275624
2025-10-01,ALF Navy Skirt,20,0.0,0.0,0.49774070438017604
2025-11-01,ALF Navy Skirt,20,0.0665019471865474,0.0,0.848242639812868
2025-06-01,ALF Navy Skirt,22,0.0,0.0,0.3426583151601548
2025-07-01,ALF Navy Skirt,22,0.0,0.0,0.3946074835782675
2025-08-01,ALF Navy Skirt,22,0.0,0.0,0.4054662347338933
2025-09-01,ALF Navy Skirt,22,0.0,0.0,0.45791678186988366
2025-10-01,ALF Navy Skirt,22,0.0,0.0,0.5792476053207217
2025-11-01,ALF Navy Skirt,22,0.0,0.0,0.4348395810973865
2025-06-01,ALF Navy Skirt,24,0.14507852295931944,0.0,0.7043665200030571
2025-07-01,ALF Navy Skirt,24,0.17842953095516786,0.0,0.7403472268404474
2025-08-01,ALF Navy Skirt,24,0.19387499867838648,0.0,0.7913105458184504
2025-09-01,ALF Navy Skirt,24,0.19315984427255206,0.0,0.7449094412156633
2025-10-01,ALF Navy Skirt,24,0.17303762787759092,0.0,0.7748571724746974
2025-11-01,ALF Navy Skirt,24,0.13879923508401637,0.0,0.6992215638632048
2025-06-01,ALF Navy Skirt,26,0.0,0.0,0.3380033185696507
2025-07-01,ALF Navy Skirt,26,0.0,0.0,0.315900051597163
2025-08-01,ALF Navy Skirt,26,0.0,0.0,0.3130248553461588
2025-09-01,ALF Navy Skirt,26,0.0,0.0,0.30246358520189703
2025-10-01,ALF Navy Skirt,26,0.0,0.0,0.2940992150187466
2025-11-01,ALF Navy Skirt,26,0.0,0.0,0.33491695206406963
2025-06-01,ALF Navy Skirt,4,0.0,0.0,0.455229829453146
2025-07-01,ALF Navy Skirt,4,0.0,0.0,0.4708245217608539
2025-08-01,ALF Navy Skirt,4,0.0,0.0,0.5372396819709286
2025-09-01,ALF Navy Skirt,4,0.0,0.0,0.6688538319570175
2025-10-01,ALF Navy Skirt,4,0.0,0.0,0.6837105584620198
2025-11-01,ALF Navy Skirt,4,0.04065320899461364,0.0,0.7713869877489354
2025-06-01,ALF Navy Skirt,6,0.0,0.0,1.5983123879775243
2025-07-01,ALF Navy Skirt,6,0.0,0.0,1.5870608321091286
2025-08-01,ALF Navy Skirt,6,0.0,0.0,1.4062665718918352
2025-09-01,ALF Navy Skirt,6,0.0,0.0,1.7950653864769683
2025-10-01,ALF Navy Skirt,6,0.0,0.0,1.9689766496667465
2025-11-01,ALF Navy Skirt,6,0.0,0.0,1.7800002441060998
2025-06-01,ALF Navy Skirt,8,0.0,0.0,1.3026685938081644
2025-07-01,ALF Navy Skirt,8,0.0,0.0,0.9353728461755891
2025-08-01,ALF Navy Skirt,8,0.0,0.0,1.664908319619007
2025-09-01,ALF Navy Skirt,8,0.0,0.0,0.955067229902735
2025-10-01,ALF Navy Skirt,8,0.0,0.0,1.1472182282294563
2025-11-01,ALF Navy Skirt,8,0.0,0.0,1.3260126485746369
2025-06-01,ALF Snr Blouse,10,1.4932866419947095,0.0,3.524751888034716
2025-07-01,ALF Snr Blouse,10,0.9081662996698454,0.0,3.059365178585435
2025-08-01,ALF Snr Blouse,10,1.7573365568710193,0.0,3.86528084815953
2025-09-01,ALF Snr Blouse,10,1.3206998543675315,0.0,3.257202951399317
2025-10-01,ALF Snr Blouse,10,1.3969468204172977,0.0,3.4702829291394757
2025-11-01,ALF Snr Blouse,10,1.5470198292223911,0.0,3.6229957950831646
2025-06-01,ALF Snr Blouse,12,2.351047747365528,0.3251723486748234,4.557580989230776
2025-07-01,ALF Snr Blouse,12,2.197662282801251,0.10929798758370055,4.153481799913344
2025-08-01,ALF Snr Blouse,12,3.5938016505110264,1.587780450070438,5.588870007773774
2025-09-01,ALF Snr Blouse,12,2.067995861306044,0.15754463350925288,4.22981569674454
2025-10-01,ALF Snr Blouse,12,1.7809831139268075,0.0,3.9006976378676876
2025-11-01,ALF Snr Blouse,12,2.2272463920212084,0.21624905468582065,4.344187486509781
2025-06-01,ALF Snr Blouse,14,0.16639727792240677,0.0,2.2814501491583994
2025-07-01,ALF Snr Blouse,14,0.1425307827533051,0.0,2.322080088988756
2025-08-01,ALF Snr Blouse,14,0.6227467650718674,0.0,2.7043098595305053
2025-09-01,ALF Snr Blouse,14,0.47216312446259234,0.0,2.540150155762258
2025-10-01,ALF Snr Blouse,14,0.6743574971134949,0.0,2.6407034896239665
2025-11-01,ALF Snr Blouse,14,2.5423145753481693,0.6554490657074371,4.494104455083369
2025-06-01,ALF Snr Blouse,16,1.3247147322784265,0.0,2.892920336673933
2025-07-01,ALF Snr Blouse,16,0.9655838502560612,0.0,2.613690428928813
2025-08-01,ALF Snr Blouse,16,0.6483700882366472,0.0,2.188192518036775
2025-09-01,ALF Snr Blouse,16,0.6201991417967505,0.0,2.1527787056031933
2025-10-01,ALF Snr Blouse,16,1.1991604597991066,0.0,2.779972531673781
2025-11-01,ALF Snr Blouse,16,0.5477611805423748,0.0,2.07492697366271
2025-06-01,ALF Snr Blouse,18,0.8869194577966364,0.0,2.839361203133115
2025-07-01,ALF Snr Blouse,18,0.5480011248670045,0.0,2.5883100015381424
2025-08-01,ALF Snr Blouse,18,0.5299425752133569,0.0,2.6298030408495885
2025-09-01,ALF Snr Blouse,18,0.5534942254597823,0.0,2.4591502066048436
2025-10-01,ALF Snr Blouse,18,0.6181915081450617,0.0,2.513706634838836
2025-11-01,ALF Snr Blouse,18,1.8380353768284197,0.0,3.822300744820386
2025-06-01,ALF Snr Blouse,20,0.9937150259397596,0.0,2.1659798544176114
2025-07-01,ALF Snr Blouse,20,1.7014110441941601,0.4066887940036502,2.965513204984319
2025-08-01,ALF Snr Blouse,20,1.3893297505057645,0.1329902939239235,2.5646301169064953
2025-09-01,ALF Snr Blouse,20,0.7987166266316797,0.0,1.927059355203582
2025-10-01,ALF Snr Blouse,20,1.334820564185073,0.04755566122896605,2.4701167163219404
2025-11-01,ALF Snr Blouse,20,0.7391935275048113,0.0,1.9277254008735614
2025-06-01,ALF Snr Blouse,22,0.5632293171926261,0.0,2.2584519767876072
2025-07-01,ALF Snr Blouse,22,0.6499113654765156,0.0,2.3934353036837344
2025-08-01,ALF Snr Blouse,22,0.7237918477123274,0.0,2.335699102673474
2025-09-01,ALF Snr Blouse,22,1.0746165477251721,0.0,2.7939651532887098
2025-10-01,ALF Snr Blouse,22,0.9569364861924967,0.0,2.691353838857853
2025-11-01,ALF Snr Blouse,22,0.7922595788778115,0.0,2.528202334063448
2025-06-01,ALF Snr Blouse,24,0.35323791466998106,0.0,1.326928361944602
2025-07-01,ALF Snr Blouse,24,0.3752980867473429,0.0,1.295877907287877
2025-08-01,ALF Snr Blouse,24,0.38969447827257686,0.0,1.3366982980822089
2025-09-01,ALF Snr Blouse,24,0.40080297980162294,0.0,1.337039952921413
2025-10-01,ALF Snr Blouse,24,0.3973966994401649,0.0,1.3559328661517052
2025-11-01,ALF Snr Blouse,24,0.3836623272086124,0.0,1.3761441081086947
2025-06-01,ALF Snr Blouse,26,0.38396682935036563,0.0,0.9318880853921983
2025-07-01,ALF Snr Blouse,26,0.42305470355130187,0.0,1.0431886847987788
2025-08-01,ALF Snr Blouse,26,0.6981141948595639,0.13821694135677834,1.3016343037419098
2025-09-01,ALF Snr Blouse,26,0.36345291551136844,0.0,0.9364351656703092
2025-10-01,ALF Snr Blouse,26,0.27396493115306203,0.0,0.7843403955266165
2025-11-01,ALF Snr Blouse,26,0.17012825234813253,0.0,0.7555816590992079
2025-06-01,ALF Snr Blouse,28,0.29597262514862466,0.0,0.5908473756596642
2025-07-01,ALF Snr Blouse,28,0.8630665518256353,0.5606002742748285,1.147519578893314
2025-08-01,ALF Snr Blouse,28,0.2872899540794819,0.0,0.5879709823190903
2025-09-01,ALF Snr Blouse,28,0.2884355180005638,0.0,0.5875853058862676
2025-10-01,ALF Snr Blouse,28,0.28685109894955974,0.0,0.6027199595144369
2025-11-01,ALF Snr Blouse,28,0.28486872885324627,0.0,0.5718081596713246
2025-06-01,ALF Snr Blouse,6,1.0796662985915348,0.0,3.190280332993334
2025-07-01,ALF Snr Blouse,6,1.145492503280523,0.0,3.2977212764100448
2025-08-01,ALF Snr Blouse,6,1.1977981781205633,0.0,3.390558196275916
2025-09-01,ALF Snr Blouse,6,1.3968303528922754,0.0,3.583622192730176
2025-10-01,ALF Snr Blouse,6,1.417775731356914,0.0,3.4287033499713
2025-11-01,ALF Snr Blouse,6,1.2576634605770898,0.0,3.3527954676890377
2025-06-01,ALF Snr Blouse,8,0.7894345856080185,0.0,2.135168693333061
2025-07-01,ALF Snr Blouse,8,0.9571872066159028,0.0,2.1958907035341566
2025-08-01,ALF Snr Blouse,8,1.187347631488802,0.0,2.4964387636370713
2025-09-01,ALF Snr Blouse,8,1.7431134567029773,0.4281035407874958,3.143681999292859
2025-10-01,ALF Snr Blouse,8,1.2975314486489116,0.023988601296071436,2.6474582461898586
2025-11-01,ALF Snr Blouse,8,2.5363684062703156,1.2368801513558412,3.8975523037089843
2025-06-01,Mags Uniform Jnr Blouse L/S White (MG030),10,1.9110375716102683,0.736472674056167,3.1257593046575836
2025-07-01,Mags Uniform Jnr Blouse L/S White (MG030),10,1.4197070174255788,0.25396049021742295,2.585427509517849
2025-08-01,Mags Uniform Jnr Blouse L/S White (MG030),10,2.0436619908198543,0.9186870504227437,3.235838698027432
2025-09-01,Mags Uniform Jnr Blouse L/S White (MG030),10,1.5036342509053116,0.40855646090774744,2.7527307130616596
2025-10-01,Mags Uniform Jnr Blouse L/S White (MG030),10,2.6337691429143417,1.4338070179081315,3.799923803055595
2025-11-01,Mags Uniform Jnr Blouse L/S White (MG030),10,3.1423987246171166,2.0307272002408396,4.3725892039380465
2025-06-01,Mags Uniform Jnr Blouse L/S White (MG030),12,2.130093705237925,1.1454144563754298,3.106471348131332
2025-07-01,Mags Uniform Jnr Blouse L/S White (MG030),12,2.0618100116031597,1.0592302161144196,3.030232369024326
2025-08-01,Mags Uniform Jnr Blouse L/S White (MG030),12,2.036204538143598,1.0385596566553636,3.051865479134629
2025-09-01,Mags Uniform Jnr Blouse L/S White (MG030),12,0.9059473095551287,0.0,1.8984916539028165
2025-10-01,Mags Uniform Jnr Blouse L/S White (MG030),12,1.553366982509273,0.5587775432111942,2.6013076668810116
2025-11-01,Mags Uniform Jnr Blouse L/S White (MG030),12,4.468862222518689,3.490000098182667,5.463914689283093
2025-06-01,Mags Uniform Jnr Blouse L/S White (MG030),14,0.8422134381024814,0.15745293361978538,1.4900027450431572
2025-07-01,Mags Uniform Jnr Blouse L/S White (MG030),14,0.8303975458441694,0.20216592871713546,1.4229311855834768
2025-08-01,Mags Uniform Jnr Blouse L/S White (MG030),14,1.3691337771098537,0.7372783054663488,2.0087040799275373
2025-09-01,Mags Uniform Jnr Blouse L/S White (MG030),14,1.88777898519229,1.2310529773199357,2.5454334878892313
2025-10-01,Mags Uniform Jnr Blouse L/S White (MG030),14,0.7145523853599947,0.07404294713207041,1.330144425460634
2025-11-01,Mags Uniform Jnr Blouse L/S White (MG030),14,1.8342165577146157,1.1998762586749143,2.4719818941122056
2025-06-01,Mags Uniform Jnr Blouse L/S White (MG030),16,0.4292138998076185,0.10225157037186276,0.7920015281419378
2025-07-01,Mags Uniform Jnr Blouse L/S White (MG030),16,1.039960909558022,0.722675184305958,1.3809662042885
2025-08-01,Mags Uniform Jnr Blouse L/S White (MG030),16,0.4989068255894732,0.16992843998456425,0.8587950347634938
2025-09-01,Mags Uniform Jnr Blouse L/S White (MG030),16,0.5222137718243556,0.15754263268823054,0.851200199893176
2025-10-01,Mags Uniform Jnr Blouse L/S White (MG030),16,0.5231399206833254,0.18382039666382427,0.8706578075358022
2025-11-01,Mags Uniform Jnr Blouse L/S White (MG030),16,1.066925996861322,0.7317097230745759,1.4116194211839455
2025-06-01,Mags Uniform Jnr Blouse L/S White (MG030),18,0.29150357650724457,0.0,0.74845402921256
2025-07-01,Mags Uniform Jnr Blouse L/S White (MG030),18,0.3497980319890006,0.0,0.8141383090131489
2025-08-01,Mags Uniform Jnr Blouse L/S White (MG030),18,0.39655563043183095,0.0,0.8657523939864471
2025-09-01,Mags Uniform Jnr Blouse L/S White (MG030),18,0.4295295432718642,0.0,0.9028477036935948
2025-10-01,Mags Uniform Jnr Blouse L/S White (MG030),18,0.43497289557100655,0.0,0.9293344057076864
2025-11-01,Mags Uniform Jnr Blouse L/S White (MG030),18,0.4138026783089643,0.0,0.8745946540847376
2025-06-01,Mags Uniform Jnr Blouse L/S White (MG030),20,0.009173419190658394,0.0,0.26999445912344544
2025-07-01,Mags Uniform Jnr Blouse L/S White (MG030),20,0.0,0.0,0.26872607479685867
2025-08-01,Mags Uniform Jnr Blouse L/S White (MG030),20,1.1385081424724044,0.8852498939080089,1.390380057941367
2025-09-01,Mags Uniform Jnr Blouse L/S White (MG030),20,0.014740210296084466,0.0,0.2701329709986601
2025-10-01,Mags Uniform Jnr Blouse L/S White (MG030),20,0.06963148172553058,0.0,0.3248068490072673
2025-11-01,Mags Uniform Jnr Blouse L/S White (MG030),20,0.13022234276373054,0.0,0.4101168492048089
2025-06-01,Mags Uniform Jnr Blouse L/S White (MG030),6,0.7573537092878552,0.46980495486143087,1.0231540180173024
2025-07-01,Mags Uniform Jnr Blouse L/S White (MG030),6,0.1657619223054303,0.0,0.42523790382060106
2025-08-01,Mags Uniform Jnr Blouse L/S White (MG030),6,0.16679797678451203,0.0,0.4577631936569473
2025-09-01,Mags Uniform Jnr Blouse L/S White (MG030),6,0.17593161351509057,0.0,0.4493113395520522
2025-10-01,Mags Uniform Jnr Blouse L/S White (MG030),6,0.20243725834601206,0.0,0.4736053055448274
2025-11-01,Mags Uniform Jnr Blouse L/S White (MG030),6,1.3648069025581244,1.0751760030880917,1.6351871964658065
2025-06-01,Mags Uniform Jnr Blouse L/S White (MG030),8,1.3190330723388188,0.0,2.8111205556262053
2025-07-01,Mags Uniform Jnr Blouse L/S White (MG030),8,1.9326555937758898,0.42281083443921896,3.4004151154996256
2025-08-01,Mags Uniform Jnr Blouse L/S White (MG030),8,0.8659833994875208,0.0,2.2636251744033418
2025-09-01,Mags Uniform Jnr Blouse L/S White (MG030),8,0.9556090040124112,0.0,2.403593281972967
2025-10-01,Mags Uniform Jnr Blouse L/S White (MG030),8,1.5976049599110769,0.1861914225279231,2.9691473124020638
2025-11-01,Mags Uniform Jnr Blouse L/S White (MG030),8,1.0755052017559654,0.0,2.5535322885189675
2025-06-01,Mags Uniform Jnr Blouse SS White/Navy (MG014),10,28.96189014961518,3.5044995008480115,52.99329632557479
2025-07-01,Mags Uniform Jnr Blouse SS White/Navy (MG014),10,27.29714257814063,3.246366913140569,53.143583336280486
2025-08-01,Mags Uniform Jnr Blouse SS White/Navy (MG014),10,24.658521304796732,1.2257424028774824,49.50787861322311
2025-09-01,Mags Uniform Jnr Blouse SS White/Navy (MG014),10,24.177136526931562,0.0,49.271022884587076
2025-10-01,Mags Uniform Jnr Blouse SS White/Navy (MG014),10,37.74559561830543,12.856147101028814,61.64193983822107
2025-11-01,Mags Uniform Jnr Blouse SS White/Navy (MG014),10,49.301955900137436,26.240822191620914,74.73712092082596
2025-06-01,Mags Uniform Jnr Blouse SS White/Navy (MG014),12,21.10536329761062,0.31537059711718723,39.91876039765548
2025-07-01,Mags Uniform Jnr Blouse SS White/Navy (MG014),12,24.14961585072611,3.7714355660155268,45.79213451677126
2025-08-01,Mags Uniform Jnr Blouse SS White/Navy (MG014),12,20.864668773968663,0.0,40.522216075323065
2025-09-01,Mags Uniform Jnr Blouse SS White/Navy (MG014),12,20.499117808306593,0.0,40.673680949877536
2025-10-01,Mags Uniform Jnr Blouse SS White/Navy (MG014),12,26.921282626046224,6.259381867615086,48.64160988231381
2025-11-01,Mags Uniform Jnr Blouse SS White/Navy (MG014),12,40.933393618245425,20.001112652230248,61.366059814876735
2025-06-01,Mags Uniform Jnr Blouse SS White/Navy (MG014),14,14.00376258693923,2.143019415715098,26.296045853346822
2025-07-01,Mags Uniform Jnr Blouse SS White/Navy (MG014),14,13.751642455671654,1.9969232955513514,24.711416950962285
2025-08-01,Mags Uniform Jnr Blouse SS White/Navy (MG014),14,12.980008141333016,1.4828112340725041,24.757544393871235
2025-09-01,Mags Uniform Jnr Blouse SS White/Navy (MG014),14,14.596201840523875,3.4740186586469015,26.23389451955888
2025-10-01,Mags Uniform Jnr Blouse SS White/Navy (MG014),14,14.038448782532841,2.896872384029599,25.375904115451004
2025-11-01,Mags Uniform Jnr Blouse SS White/Navy (MG014),14,18.13800683980494,6.196981852241959,28.76550851894008
2025-06-01,Mags Uniform Jnr Blouse SS White/Navy (MG014),16,6.003361839709445,0.8378652101182643,11.074178890962774
2025-07-01,Mags Uniform Jnr Blouse SS White/Navy (MG014),16,10.35301716343002,4.932079077791043,15.616821411750506
2025-08-01,Mags Uniform Jnr Blouse SS White/Navy (MG014),16,5.568096216379759,0.0,10.904493101447022
2025-09-01,Mags Uniform Jnr Blouse SS White/Navy (MG014),16,6.009566221503946,0.5183400902916501,11.79645249504236
2025-10-01,Mags Uniform Jnr Blouse SS White/Navy (MG014),16,9.909036423955529,4.291545901143758,15.522827357554785
2025-11-01,Mags Uniform Jnr Blouse SS White/Navy (MG014),16,11.015042874088712,5.6179841007705225,16.691652621892796
2025-06-01,Mags Uniform Jnr Blouse SS White/Navy (MG014),18,3.759084091801504,0.4752810254039151,6.7363310704648125
2025-07-01,Mags Uniform Jnr Blouse SS White/Navy (MG014),18,2.114228936117198,0.0,5.212597933925239
2025-08-01,Mags Uniform Jnr Blouse SS White/Navy (MG014),18,2.240324074292377,0.0,5.348058797319945
2025-09-01,Mags Uniform Jnr Blouse SS White/Navy (MG014),18,2.389436880755028,0.0,5.692687281628707
2025-10-01,Mags Uniform Jnr Blouse SS White/Navy (MG014),18,4.775144976467953,1.7206142832053266,7.765498457913262
2025-11-01,Mags Uniform Jnr Blouse SS White/Navy (MG014),18,2.568668678917601,0.0,5.759167289014483
2025-06-01,Mags Uniform Jnr Blouse SS White/Navy (MG014),20,1.2420356332205662,0.03739764271876969,2.5552107091934104
2025-07-01,Mags Uniform Jnr Blouse SS White/Navy (MG014),20,1.2935189990940243,0.0829436633258941,2.511349771884818
2025-08-01,Mags Uniform Jnr Blouse SS White/Navy (MG014),20,1.2964150862039108,0.06353667284049014,2.5695376803404306
2025-09-01,Mags Uniform Jnr Blouse SS White/Navy (MG014),20,1.2742257125077046,0.036690052481892284,2.510627983029843
2025-10-01,Mags Uniform Jnr Blouse SS White/Navy (MG014),20,1.2119395962911037,0.0,2.514455743351792
2025-11-01,Mags Uniform Jnr Blouse SS White/Navy (MG014),20,1.1305781753398574,0.0,2.3171252073363244
2025-06-01,Mags Uniform Jnr Blouse SS White/Navy (MG014),22,1.1960182663795345,0.0,3.1414426971256955
2025-07-01,Mags Uniform Jnr Blouse SS White/Navy (MG014),22,1.2261244056221399,0.0,2.9858391958836528
2025-08-01,Mags Uniform Jnr Blouse SS White/Navy (MG014),22,1.2618612140410828,0.0,3.209300346101073
2025-09-01,Mags Uniform Jnr Blouse SS White/Navy (MG014),22,1.3135897219831731,0.0,3.3390926076925105
2025-10-01,Mags Uniform Jnr Blouse SS White/Navy (MG014),22,1.3482187683052347,0.0,3.508002835112146
2025-11-01,Mags Uniform Jnr Blouse SS White/Navy (MG014),22,1.3672895221944468,0.0,3.4018607806576715
2025-06-01,Mags Uniform Jnr Blouse SS White/Navy (MG014),24,0.7176517136122359,0.0,1.4766700716710726
2025-07-01,Mags Uniform Jnr Blouse SS White/Navy (MG014),24,0.7287796778525737,0.0,1.5658288275790702
2025-08-01,Mags Uniform Jnr Blouse SS White/Navy (MG014),24,0.7132744778490994,0.0,1.4902779144219
2025-09-01,Mags Uniform Jnr Blouse SS White/Navy (MG014),24,0.6890799902253221,0.0,1.4768722764657538
2025-10-01,Mags Uniform Jnr Blouse SS White/Navy (MG014),24,0.6466393552370309,0.0,1.4211990565339943
2025-11-01,Mags Uniform Jnr Blouse SS White/Navy (MG014),24,0.6000827579827601,0.0,1.4188329902456662
2025-06-01,Mags Uniform Jnr Blouse SS White/Navy (MG014),26,0.29547960639729276,0.0,0.6168028537556419
2025-07-01,Mags Uniform Jnr Blouse SS White/Navy (MG014),26,0.3193839272679649,0.028318547366675578,0.6147970347527915
2025-08-01,Mags Uniform Jnr Blouse SS White/Navy (MG014),26,0.3277660389077921,0.0378210737549194,0.6234714161535989
2025-09-01,Mags Uniform Jnr Blouse SS White/Navy (MG014),26,0.32690731729312017,0.020020938189114077,0.6125326330396
2025-10-01,Mags Uniform Jnr Blouse SS White/Navy (MG014),26,0.30770478676857443,0.012961338047036992,0.6123504815931198
2025-11-01,Mags Uniform Jnr Blouse SS White/Navy (MG014),26,0.2765319045685639,0.0027612947908711165,0.5648871580308309
2025-06-01,Mags Uniform Jnr Blouse SS White/Navy (MG014),30,0.17747071318359486,0.0,0.5268307457556209
2025-07-01,Mags Uniform Jnr Blouse SS White/Navy (MG014),30,0.21314887180632852,0.0,0.5486579895475762
2025-08-01,Mags Uniform Jnr Blouse SS White/Navy (MG014),30,0.22885570381171744,0.0,0.5891533191334811
2025-09-01,Mags Uniform Jnr Blouse SS White/Navy (MG014),30,0.2267470750969329,0.0,0.5795131858081266
2025-10-01,Mags Uniform Jnr Blouse SS White/Navy (MG014),30,0.20300007295613676,0.0,0.5460045785102721
2025-11-01,Mags Uniform Jnr Blouse SS White/Navy (MG014),30,0.1643853370938937,0.0,0.5105400853871277
2025-06-01,Mags Uniform Jnr Blouse SS White/Navy (MG014),32,0.18108795235185235,0.0,0.4419141972573717
2025-07-01,Mags Uniform Jnr Blouse SS White/Navy (MG014),32,0.19728366311435605,0.0,0.4510178755788036
2025-08-01,Mags Uniform Jnr Blouse SS White/Navy (MG014),32,0.19801161408082765,0.0,0.4486771241101366
2025-09-01,Mags Uniform Jnr Blouse SS White/Navy (MG014),32,0.18784132002497322,0.0,0.438497593861612
2025-10-01,Mags Uniform Jnr Blouse SS White/Navy (MG014),32,0.16686269726825653,0.0,0.43679319734009997
2025-11-01,Mags Uniform Jnr Blouse SS White/Navy (MG014),32,0.14076172573895893,0.0,0.401562602717937
2025-06-01,Mags Uniform Jnr Blouse SS White/Navy (MG014),6,3.5825424321448494,0.7988151242691308,6.603910956883177
2025-07-01,Mags Uniform Jnr Blouse SS White/Navy (MG014),6,4.719270738748547,1.787203692804896,7.582823097136195
2025-08-01,Mags Uniform Jnr Blouse SS White/Navy (MG014),6,3.479706050822225,0.6446479433183157,6.383250745106975
2025-09-01,Mags Uniform Jnr Blouse SS White/Navy (MG014),6,3.931225979539443,0.9526458474039943,7.12790454579426
2025-10-01,Mags Uniform Jnr Blouse SS White/Navy (MG014),6,3.772180903831428,0.7746938647445866,6.737095486525535
2025-11-01,Mags Uniform Jnr Blouse SS White/Navy (MG014),6,5.32505203071563,2.3088185485366766,8.120078920233215
2025-06-01,Mags Uniform Jnr Blouse SS White/Navy (MG014),8,14.78799574561712,1.7503820608849645,28.096414202427
2025-07-01,Mags Uniform Jnr Blouse SS White/Navy (MG014),8,15.901964213967197,1.5617677485120458,28.805701564895507
2025-08-01,Mags Uniform Jnr Blouse SS White/Navy (MG014),8,12.02592975626339,0.0,25.514071784619894
2025-09-01,Mags Uniform Jnr Blouse SS White/Navy (MG014),8,12.98924738030047,0.0,25.792347023035617
2025-10-01,Mags Uniform Jnr Blouse SS White/Navy (MG014),8,15.404629739411796,1.0848035946322463,27.47542097421411
2025-11-01,Mags Uniform Jnr Blouse SS White/Navy (MG014),8,37.22250834451958,24.354716595742296,49.662519035979955
2025-06-01,Mags Uniform Jnr Blouse SS White/Navy (MG014),SPCL,0.012166611553613926,0.0,0.27073355843815494
2025-07-01,Mags Uniform Jnr Blouse SS White/Navy (MG014),SPCL,0.0,0.0,0.26306352388619825
2025-08-01,Mags Uniform Jnr Blouse SS White/Navy (MG014),SPCL,0.0,0.0,0.2401471497851917
2025-09-01,Mags Uniform Jnr Blouse SS White/Navy (MG014),SPCL,0.0,0.0,0.24874890719722229
2025-10-01,Mags Uniform Jnr Blouse SS White/Navy (MG014),SPCL,0.02025881319271161,0.0,0.26491294404530225
2025-11-01,Mags Uniform Jnr Blouse SS White/Navy (MG014),SPCL,0.055603909642526816,0.0,0.3140961018107688
2025-06-01,Mags Uniform Jumper Navy/Sky (MG009),10XL,0.01566676616825524,0.0,0.278213223432
2025-07-01,Mags Uniform Jumper Navy/Sky (MG009),10XL,0.5674185462942771,0.2948168136567695,0.82207430380004
2025-08-01,Mags Uniform Jumper Navy/Sky (MG009),10XL,0.0,0.0,0.24377462346295034
2025-09-01,Mags Uniform Jumper Navy/Sky (MG009),10XL,0.01620817914570477,0.0,0.2654002265990854
2025-10-01,Mags Uniform Jumper Navy/Sky (MG009),10XL,0.047996570124120924,0.0,0.3108836030841303
2025-11-01,Mags Uniform Jumper Navy/Sky (MG009),10XL,0.0852148714680287,0.0,0.3437441513694498
2025-06-01,Mags Uniform Jumper Navy/Sky (MG009),2XL/112,12.051777766698926,6.8499042915002715,16.664464760132333
2025-07-01,Mags Uniform Jumper Navy/Sky (MG009),2XL/112,12.129436652588566,6.907398245171055,16.995765769926063
2025-08-01,Mags Uniform Jumper Navy/Sky (MG009),2XL/112,9.586422826110265,4.696848306096403,14.243673523754092
2025-09-01,Mags Uniform Jumper Navy/Sky (MG009),2XL/112,6.605039487361008,1.8293254614635028,11.73560368871659
2025-10-01,Mags Uniform Jumper Navy/Sky (MG009),2XL/112,11.087730546832399,6.049350448036434,16.066438283667726
2025-11-01,Mags Uniform Jumper Navy/Sky (MG009),2XL/112,13.142109891386353,7.9430785864216435,17.971763898092355
2025-06-01,Mags Uniform Jumper Navy/Sky (MG009),3XL/117,6.507949673657858,4.963093746972614,8.055275809463446
2025-07-01,Mags Uniform Jumper Navy/Sky (MG009),3XL/117,5.9892837619559955,4.433853255455638,7.629102221792618
2025-08-01,Mags Uniform Jumper Navy/Sky (MG009),3XL/117,3.2957249284981356,1.6602318175706425,4.87579763084297
2025-09-01,Mags Uniform Jumper Navy/Sky (MG009),3XL/117,3.4891380747866965,1.9441021745338596,5.119820443525669
2025-10-01,Mags Uniform Jumper Navy/Sky (MG009),3XL/117,3.0912541160747486,1.5682922380271664,4.8005146582397105
2025-11-01,Mags Uniform Jumper Navy/Sky (MG009),3XL/117,4.339909816869216,2.7718617426960073,5.894351665360929
2025-06-01,Mags Uniform Jumper Navy/Sky (MG009),4XL/122,1.0441182293621178,0.09938833299877867,2.009319046651323
2025-07-01,Mags Uniform Jumper Navy/Sky (MG009),4XL/122,2.79825484221337,1.8401244968074915,3.723857306837486
2025-08-01,Mags Uniform Jumper Navy/Sky (MG009),4XL/122,2.241153885899437,1.3530151224047346,3.18486029949713
2025-09-01,Mags Uniform Jumper Navy/Sky (MG009),4XL/122,1.1054387382432782,0.1955854355533696,2.067110872174967
2025-10-01,Mags Uniform Jumper Navy/Sky (MG009),4XL/122,2.2289245950602696,1.345253013746287,3.181103140693424
2025-11-01,Mags Uniform Jumper Navy/Sky (MG009),4XL/122,2.178911191777273,1.2621164833788354,3.0317472566968764
2025-06-01,Mags Uniform Jumper Navy/Sky (MG009),5XL/127,0.8440838339245631,0.0,1.6272153729286727
2025-07-01,Mags Uniform Jumper Navy/Sky (MG009),5XL/127,0.8858041943136865,0.042765077932973766,1.7760961548159566
2025-08-01,Mags Uniform Jumper Navy/Sky (MG009),5XL/127,1.4892302528377828,0.6063807438470457,2.317595073718658
2025-09-01,Mags Uniform Jumper Navy/Sky (MG009),5XL/127,0.9529244497662587,0.08771780796317862,1.7531856092820364
2025-10-01,Mags Uniform Jumper Navy/Sky (MG009),5XL/127,0.9743040542148003,0.12339305961470186,1.7908416046411515
2025-11-01,Mags Uniform Jumper Navy/Sky (MG009),5XL/127,1.5352637233822453,0.7235608664663837,2.425530959168602
2025-06-01,Mags Uniform Jumper Navy/Sky (MG009),7XL/137,0.2597372067889565,0.0,0.9818510705733828
2025-07-01,Mags Uniform Jumper Navy/Sky (MG009),7XL/137,0.9066864803075003,0.21745349195032462,1.6554452099874957
2025-08-01,Mags Uniform Jumper Navy/Sky (MG009),7XL/137,0.456509226514229,0.0,1.2411911168402512
2025-09-01,Mags Uniform Jumper Navy/Sky (MG009),7XL/137,0.5965906393286408,0.0,1.345737045374477
2025-10-01,Mags Uniform Jumper Navy/Sky (MG009),7XL/137,0.7234073413851528,0.0,1.4508365110810217
2025-11-01,Mags Uniform Jumper Navy/Sky (MG009),7XL/137,1.3724888881194133,0.5813703884496934,2.088983169398212
2025-06-01,Mags Uniform Jumper Navy/Sky (MG009),L/102,20.534304483951686,9.497065313446415,30.0214402963978
2025-07-01,Mags Uniform Jumper Navy/Sky (MG009),L/102,24.797041928635963,14.893761914738638,35.39188650096738
2025-08-01,Mags Uniform Jumper Navy/Sky (MG009),L/102,17.70898596105514,7.3651693451444435,28.240047319605306
2025-09-01,Mags Uniform Jumper Navy/Sky (MG009),L/102,14.278445776542586,3.9787750680712435,24.858893197030124
2025-10-01,Mags Uniform Jumper Navy/Sky (MG009),L/102,17.50890323700493,7.9024359370132204,27.476935121513293
2025-11-01,Mags Uniform Jumper Navy/Sky (MG009),L/102,31.765459365719664,21.30808676538171,41.64548941103541
2025-06-01,Mags Uniform Jumper Navy/Sky (MG009),M/97,33.37646996607673,18.412113501687696,50.31521799014304
2025-07-01,Mags Uniform Jumper Navy/Sky (MG009),M/97,29.87495362667638,12.854060782293983,46.378107779573206
2025-08-01,Mags Uniform Jumper Navy/Sky (MG009),M/97,28.693709550937264,12.202836224301363,45.18793205507493
2025-09-01,Mags Uniform Jumper Navy/Sky (MG009),M/97,25.314470873170514,9.161274427047365,42.57702627721022
2025-10-01,Mags Uniform Jumper Navy/Sky (MG009),M/97,28.26714355794699,11.54168519173704,44.403513823911624
2025-11-01,Mags Uniform Jumper Navy/Sky (MG009),M/97,46.39248611740985,29.589634718849233,63.04504137378587
2025-06-01,Mags Uniform Jumper Navy/Sky (MG009),S/92,10.78674857049957,0.7156683256626934,22.11340310012006
2025-07-01,Mags Uniform Jumper Navy/Sky (MG009),S/92,12.77947502761926,2.4126899756705784,24.076336081042932
2025-08-01,Mags Uniform Jumper Navy/Sky (MG009),S/92,11.886216511570415,0.17226684590385308,21.605058705021847
2025-09-01,Mags Uniform Jumper Navy/Sky (MG009),S/92,12.242164904238003,1.4058594668930813,24.20571123685756
2025-10-01,Mags Uniform Jumper Navy/Sky (MG009),S/92,13.322245093578609,2.9599105948010336,24.09180237104235
2025-11-01,Mags Uniform Jumper Navy/Sky (MG009),S/92,25.851880228544466,14.287781098560718,36.664325425605334
2025-06-01,Mags Uniform Jumper Navy/Sky (MG009),XL/107,22.60289673858853,13.962737998165625,31.39772002880162
2025-07-01,Mags Uniform Jumper Navy/Sky (MG009),XL/107,20.694986387810104,11.756522472508356,28.93443325548916
2025-08-01,Mags Uniform Jumper Navy/Sky (MG009),XL/107,20.84711011304512,12.545375468106146,29.816032617975235
2025-09-01,Mags Uniform Jumper Navy/Sky (MG009),XL/107,18.343175901190964,9.638723438892782,27.28462138031895
2025-10-01,Mags Uniform Jumper Navy/Sky (MG009),XL/107,16.107994553627385,7.1681641477821545,24.937232289287472
2025-11-01,Mags Uniform Jumper Navy/Sky (MG009),XL/107,23.561883235329528,14.199549724264559,32.34100886248184
2025-06-01,Mags Uniform Jumper Navy/Sky (MG009),XS/87,4.804946298949366,2.4686873253444372,7.203963464317219
2025-07-01,Mags Uniform Jumper Navy/Sky (MG009),XS/87,5.234532664149594,2.723201258463118,7.595368610775262
2025-08-01,Mags Uniform Jumper Navy/Sky (MG009),XS/87,2.4005325135301967,0.06149390298533461,4.628827056503415
2025-09-01,Mags Uniform Jumper Navy/Sky (MG009),XS/87,2.5392540468694818,0.053721736701976164,4.972529610100997
2025-10-01,Mags Uniform Jumper Navy/Sky (MG009),XS/87,5.040832772364863,2.571398631249072,7.508186672909021
2025-11-01,Mags Uniform Jumper Navy/Sky (MG009),XS/87,8.099087158282897,5.4861755307790485,10.870449588976808
2025-06-01,Mags Uniform Jumper Navy/Sky (MG009),XXS/82,0.07503572370521239,0.0,0.23746330747796585
2025-07-01,Mags Uniform Jumper Navy/Sky (MG009),XXS/82,0.6107315732956805,0.42600746834790393,0.7669510702236269
2025-08-01,Mags Uniform Jumper Navy/Sky (MG009),XXS/82,0.02128599178010593,0.0,0.18339957744840868
2025-09-01,Mags Uniform Jumper Navy/Sky (MG009),XXS/82,0.021125313098859066,0.0,0.18982328006207108
2025-10-01,Mags Uniform Jumper Navy/Sky (MG009),XXS/82,0.04157249380599881,0.0,0.19936397584747148
2025-11-01,Mags Uniform Jumper Navy/Sky (MG009),XXS/82,0.63962290932883,0.4776191804190845,0.8058730486611154
2025-06-01,Mags Uniform LS Shirt White (MG017),16,0.0870527177592095,0.0,0.6395933442598303
2025-07-01,Mags Uniform LS Shirt White (MG017),16,0.11883633828639151,0.0,0.6775528753609449
2025-08-01,Mags Uniform LS Shirt White (MG017),16,0.17033278862392862,0.0,0.7327345159810427
2025-09-01,Mags Uniform LS Shirt White (MG017),16,0.23202142622157165,0.0,0.8250447226515402
2025-10-01,Mags Uniform LS Shirt White (MG017),16,0.28723615367145905,0.0,0.8741314121044212
2025-11-01,Mags Uniform LS Shirt White (MG017),16,0.8864395866105642,0.2533883530778888,1.4826139090954102
2025-06-01,Mags Uniform LS Shirt White (MG017),37,0.10897460917246687,0.0,0.2796019119793395
2025-07-01,Mags Uniform LS Shirt White (MG017),37,0.08378853590411545,0.0,0.26508777975427245
2025-08-01,Mags Uniform LS Shirt White (MG017),37,0.057370350741695136,0.0,0.21577259024954165
2025-09-01,Mags Uniform LS Shirt White (MG017),37,0.03412968418326966,0.0,0.20161103081097356
2025-10-01,Mags Uniform LS Shirt White (MG017),37,0.025682571897283832,0.0,0.19873251492803534
2025-11-01,Mags Uniform LS Shirt White (MG017),37,1.1590653209593804,0.9881474770645112,1.3343904633046257
2025-06-01,Mags Uniform LS Shirt White (MG017),38,0.3731119848142874,0.0,1.1107797271163293
2025-07-01,Mags Uniform LS Shirt White (MG017),38,0.3503669074768221,0.0,1.1138812175533161
2025-08-01,Mags Uniform LS Shirt White (MG017),38,0.36917282119644645,0.0,1.1056318805221823
2025-09-01,Mags Uniform LS Shirt White (MG017),38,0.4228130164189172,0.0,1.2211216130219018
2025-10-01,Mags Uniform LS Shirt White (MG017),38,0.5046024997901796,0.0,1.240831521999178
2025-11-01,Mags Uniform LS Shirt White (MG017),38,1.7207353382733386,1.0143650667772355,2.4871348043144836
2025-06-01,Mags Uniform LS Shirt White (MG017),40,1.220022276961341,0.08976669068470443,2.312706288454452
2025-07-01,Mags Uniform LS Shirt White (MG017),40,1.2992413057572278,0.2020649225843471,2.4476909183701325
2025-08-01,Mags Uniform LS Shirt White (MG017),40,1.9333684844192138,0.8435210631470079,3.0564890239953
2025-09-01,Mags Uniform LS Shirt White (MG017),40,1.4132764447289148,0.23212740965962234,2.5030715730365127
2025-10-01,Mags Uniform LS Shirt White (MG017),40,1.447469733224744,0.4242584373346898,2.505993445736307
2025-11-01,Mags Uniform LS Shirt White (MG017),40,3.7051961016208406,2.642831696588561,4.792719321262354
2025-06-01,Mags Uniform LS Shirt White (MG017),42,1.0552980194818677,0.18598287755296672,1.8319482305080885
2025-07-01,Mags Uniform LS Shirt White (MG017),42,1.11021557951662,0.260638063743784,1.8993292397858779
2025-08-01,Mags Uniform LS Shirt White (MG017),42,1.713544651712957,0.9335485510983346,2.565751094384311
2025-09-01,Mags Uniform LS Shirt White (MG017),42,1.1607641257510468,0.3382593791368159,1.9464226889074354
2025-10-01,Mags Uniform LS Shirt White (MG017),42,1.1690751566726785,0.38068344869998005,2.0240506873215165
2025-11-01,Mags Uniform LS Shirt White (MG017),42,3.4095805786842135,2.5649119184245492,4.215852937568426
2025-06-01,Mags Uniform LS Shirt White (MG017),44,0.3513296089888305,0.0,0.7895210370666196
2025-07-01,Mags Uniform LS Shirt White (MG017),44,0.37407182099847325,0.0,0.8274710749088839
2025-08-01,Mags Uniform LS Shirt White (MG017),44,0.401283053803829,0.0,0.8581501516507208
2025-09-01,Mags Uniform LS Shirt White (MG017),44,0.4326835823794672,0.0,0.8838240018520978
2025-10-01,Mags Uniform LS Shirt White (MG017),44,0.45506328232996035,0.0,0.8666056662784393
2025-11-01,Mags Uniform LS Shirt White (MG017),44,0.4655882487760431,0.015319506691990125,0.9161534303403209
2025-06-01,Mags Uniform LS Shirt White (MG017),46,0.11373027530133772,0.0,0.31106091590285656
2025-07-01,Mags Uniform LS Shirt White (MG017),46,0.1076580735986728,0.0,0.30858273472573944
2025-08-01,Mags Uniform LS Shirt White (MG017),46,0.10478200947501463,0.0,0.30064912003824185
2025-09-01,Mags Uniform LS Shirt White (MG017),46,0.10553563878787532,0.0,0.2887808317461251
2025-10-01,Mags Uniform LS Shirt White (MG017),46,0.1116242582421666,0.0,0.31589295015731894
2025-11-01,Mags Uniform LS Shirt White (MG017),46,0.6831974420954794,0.48513843780735727,0.8678841130486789
2025-06-01,Mags Uniform LS Shirt White (MG017),48,0.00975358268644616,0.0,0.09983698883287952
2025-07-01,Mags Uniform LS Shirt White (MG017),48,0.5733182078505261,0.4817641033353132,0.6567085481783649
2025-08-01,Mags Uniform LS Shirt White (MG017),48,0.004787265582848241,0.0,0.0846378062221224
2025-09-01,Mags Uniform LS Shirt White (MG017),48,0.01905663658031835,0.0,0.09880660487697651
2025-10-01,Mags Uniform LS Shirt White (MG017),48,0.03800222477710648,0.0,0.13101223476963525
2025-11-01,Mags Uniform LS Shirt White (MG017),48,0.057502705120314176,0.0,0.14491375346624122
2025-06-01,Mags Uniform Polo Jnr Grey/Navy (MG012),2XL,5.436409239408418,1.2493837994506254,9.325550398776718
2025-07-01,Mags Uniform Polo Jnr Grey/Navy (MG012),2XL,5.976276003601414,1.7689112310676183,9.885536211789828
2025-08-01,Mags Uniform Polo Jnr Grey/Navy (MG012),2XL,3.750141752326409,0.0,7.813206626242954
2025-09-01,Mags Uniform Polo Jnr Grey/Navy (MG012),2XL,5.019223516834726,1.1387699495639367,8.844780789301234
2025-10-01,Mags Uniform Polo Jnr Grey/Navy (MG012),2XL,4.02332479273638,0.1838849845319609,8.091024047970876
2025-11-01,Mags Uniform Polo Jnr Grey/Navy (MG012),2XL,6.430484664234298,2.300480639532234,10.606231006335559
2025-06-01,Mags Uniform Polo Jnr Grey/Navy (MG012),3XL,1.5832166916244461,0.0,4.254874799670409
2025-07-01,Mags Uniform Polo Jnr Grey/Navy (MG012),3XL,1.5641275943532653,0.0,3.924230205693363
2025-08-01,Mags Uniform Polo Jnr Grey/Navy (MG012),3XL,1.601030099248083,0.0,4.003509666286862
2025-09-01,Mags Uniform Polo Jnr Grey/Navy (MG012),3XL,1.6983527233641418,0.0,4.091286361273508
2025-10-01,Mags Uniform Polo Jnr Grey/Navy (MG012),3XL,3.512440166051507,0.8083789075997493,5.901966649975564
2025-11-01,Mags Uniform Polo Jnr Grey/Navy (MG012),3XL,1.9077693584247732,0.0,4.398889154705138
2025-06-01,Mags Uniform Polo Jnr Grey/Navy (MG012),4XL,0.6716936701033964,0.0,2.4481984657225815
2025-07-01,Mags Uniform Polo Jnr Grey/Navy (MG012),4XL,0.6240734008502404,0.0,2.4550326858978853
2025-08-01,Mags Uniform Polo Jnr Grey/Navy (MG012),4XL,0.6738172297227933,0.0,2.491954163386616
2025-09-01,Mags Uniform Polo Jnr Grey/Navy (MG012),4XL,0.8044834728289715,0.0,2.6258962766302036
2025-10-01,Mags Uniform Polo Jnr Grey/Navy (MG012),4XL,1.5492479343719552,0.0,3.465645680511487
2025-11-01,Mags Uniform Polo Jnr Grey/Navy (MG012),4XL,1.1666467438258254,0.0,3.1065825447568827
2025-06-01,Mags Uniform Polo Jnr Grey/Navy (MG012),5XL,1.7357647990695833,0.639129339212043,2.770554486834895
2025-07-01,Mags Uniform Polo Jnr Grey/Navy (MG012),5XL,1.6534120783836659,0.6376862942216123,2.6757111707123498
2025-08-01,Mags Uniform Polo Jnr Grey/Navy (MG012),5XL,0.5134981997142662,0.0,1.5547278841679328
2025-09-01,Mags Uniform Polo Jnr Grey/Navy (MG012),5XL,0.5788832561207857,0.0,1.5315121468411057
2025-10-01,Mags Uniform Polo Jnr Grey/Navy (MG012),5XL,0.6940058671757443,0.0,1.7350886395713077
2025-11-01,Mags Uniform Polo Jnr Grey/Navy (MG012),5XL,0.8349152735223032,0.0,1.8804704138307604
2025-06-01,Mags Uniform Polo Jnr Grey/Navy (MG012),7XL,0.39925749656329473,0.0,1.0653600235670002
2025-07-01,Mags Uniform Polo Jnr Grey/Navy (MG012),7XL,0.4441274360862371,0.0,1.1853914895505364
2025-08-01,Mags Uniform Polo Jnr Grey/Navy (MG012),7XL,0.4879485306256443,0.0,1.1862393576300192
2025-09-01,Mags Uniform Polo Jnr Grey/Navy (MG012),7XL,0.5294247154428542,0.0,1.2987726532532926
2025-10-01,Mags Uniform Polo Jnr Grey/Navy (MG012),7XL,0.5501040810171544,0.0,1.2472975056362552
2025-11-01,Mags Uniform Polo Jnr Grey/Navy (MG012),7XL,0.5490842274857565,0.0,1.2474111493513838
2025-06-01,Mags Uniform Polo Jnr Grey/Navy (MG012),L,24.469472162270673,2.727107357419976,44.112578492071066
2025-07-01,Mags Uniform Polo Jnr Grey/Navy (MG012),L,26.473834434447582,7.185187201797408,45.99040274626726
2025-08-01,Mags Uniform Polo Jnr Grey/Navy (MG012),L,17.979794780120873,0.0,38.82120532297651
2025-09-01,Mags Uniform Polo Jnr Grey/Navy (MG012),L,20.116882235509962,0.22835066682266922,39.66107685324497
2025-10-01,Mags Uniform Polo Jnr Grey/Navy (MG012),L,22.380571166556265,3.339810662821283,42.03662901640323
2025-11-01,Mags Uniform Polo Jnr Grey/Navy (MG012),L,33.702312645579035,14.882922496739752,53.54911451158709
2025-06-01,Mags Uniform Polo Jnr Grey/Navy (MG012),LB,7.0280618875221315,0.0,15.45326254746375
2025-07-01,Mags Uniform Polo Jnr Grey/Navy (MG012),LB,7.103290017465788,0.0,15.57286726383094
2025-08-01,Mags Uniform Polo Jnr Grey/Navy (MG012),LB,5.981657097651876,0.0,13.621440043867919
2025-09-01,Mags Uniform Polo Jnr Grey/Navy (MG012),LB,5.549059622305642,0.0,13.754489318966398
2025-10-01,Mags Uniform Polo Jnr Grey/Navy (MG012),LB,5.907199448257153,0.0,13.729005379854662
2025-11-01,Mags Uniform Polo Jnr Grey/Navy (MG012),LB,20.040464855974,12.285533676518964,28.694711995196464
2025-06-01,Mags Uniform Polo Jnr Grey/Navy (MG012),M,33.147834925485014,0.0,73.51184981217772
2025-07-01,Mags Uniform Polo Jnr Grey/Navy (MG012),M,42.77406007601048,4.992218893938005,81.80062340298538
2025-08-01,Mags Uniform Polo Jnr Grey/Navy (MG012),M,36.5040073409093,3.1905103238316683,73.05631854799333
2025-09-01,Mags Uniform Polo Jnr Grey/Navy (MG012),M,30.855944006695818,0.0,64.98346654840658
2025-10-01,Mags Uniform Polo Jnr Grey/Navy (MG012),M,38.32007233120763,0.0,74.96930856075062
2025-11-01,Mags Uniform Polo Jnr Grey/Navy (MG012),M,55.8022915231087,20.860758188581958,93.08191106696059
2025-06-01,Mags Uniform Polo Jnr Grey/Navy (MG012),MB,2.3128775345378143,0.4105440806711464,4.282014027536189
2025-07-01,Mags Uniform Polo Jnr Grey/Navy (MG012),MB,2.869877589533904,1.00058013347341,4.7766268111302885
2025-08-01,Mags Uniform Polo Jnr Grey/Navy (MG012),MB,1.7286255325976707,0.0,3.5714884312306276
2025-09-01,Mags Uniform Polo Jnr Grey/Navy (MG012),MB,1.7539964880716652,0.0,3.720850480080394
2025-10-01,Mags Uniform Polo Jnr Grey/Navy (MG012),MB,1.7857874740285826,0.0,3.7269527633457096
2025-11-01,Mags Uniform Polo Jnr Grey/Navy (MG012),MB,5.195189948215499,3.2812453013895704,7.038090652994094
2025-06-01,Mags Uniform Polo Jnr Grey/Navy (MG012),S,24.562911941698616,0.0,48.69270621180854
2025-07-01,Mags Uniform Polo Jnr Grey/Navy (MG012),S,29.331269583160275,3.8904684684193382,54.97255626605349
2025-08-01,Mags Uniform Polo Jnr Grey/Navy (MG012),S,26.37697085227711,0.32800821581523876,53.37931366398467
2025-09-01,Mags Uniform Polo Jnr Grey/Navy (MG012),S,21.958595165887957,0.0,48.99209062138179
2025-10-01,Mags Uniform Polo Jnr Grey/Navy (MG012),S,23.043649625934723,0.0,49.665427251146255
2025-11-01,Mags Uniform Polo Jnr Grey/Navy (MG012),S,47.15613814534152,20.441435033416948,72.8149005865538
2025-06-01,Mags Uniform Polo Jnr Grey/Navy (MG012),SB,1.3320162112901124,0.9962587147010536,1.6650360510681819
2025-07-01,Mags Uniform Polo Jnr Grey/Navy (MG012),SB,0.14182635243012892,0.0,0.4463334499929
2025-08-01,Mags Uniform Polo Jnr Grey/Navy (MG012),SB,0.13094156835901094,0.0,0.43879264620715924
2025-09-01,Mags Uniform Polo Jnr Grey/Navy (MG012),SB,0.13277631052369493,0.0,0.4308760328343271
2025-10-01,Mags Uniform Polo Jnr Grey/Navy (MG012),SB,0.16713859033257236,0.0,0.5081791934585228
2025-11-01,Mags Uniform Polo Jnr Grey/Navy (MG012),SB,1.9129058100779799,1.5790115978887564,2.221161989387331
2025-06-01,Mags Uniform Polo Jnr Grey/Navy (MG012),XL,7.884462623164554,0.0,19.223318919524072
2025-07-01,Mags Uniform Polo Jnr Grey/Navy (MG012),XL,10.581941086184779,0.0,20.99136573223834
2025-08-01,Mags Uniform Polo Jnr Grey/Navy (MG012),XL,7.897451024999297,0.0,19.15616575955935
2025-09-01,Mags Uniform Polo Jnr Grey/Navy (MG012),XL,7.251415488005542,0.0,18.810586520809558
2025-10-01,Mags Uniform Polo Jnr Grey/Navy (MG012),XL,10.75255637471432,0.0,21.597660142162578
2025-11-01,Mags Uniform Polo Jnr Grey/Navy (MG012),XL,15.352872184872451,4.004655485231641,26.719528368808476
2025-06-01,Mags Uniform Polo Jnr Grey/Navy (MG012),XS,14.022097663734044,0.0,29.31528350106992
2025-07-01,Mags Uniform Polo Jnr Grey/Navy (MG012),XS,15.263180319510884,1.016351608289589,30.08039501163052
2025-08-01,Mags Uniform Polo Jnr Grey/Navy (MG012),XS,11.27558350448085,0.0,25.726898552019865
2025-09-01,Mags Uniform Polo Jnr Grey/Navy (MG012),XS,13.177530315643448,0.0,27.029740462542897
2025-10-01,Mags Uniform Polo Jnr Grey/Navy (MG012),XS,10.438066336565285,0.0,25.13660533362035
2025-11-01,Mags Uniform Polo Jnr Grey/Navy (MG012),XS,40.42844865298595,25.21382737065423,55.45090525148188
2025-06-01,Mags Uniform Shorts (MG020),100,1.2612642090703723,0.0,2.9295433529939134
2025-07-01,Mags Uniform Shorts (MG020),100,1.8183710528031565,0.2557586878030387,3.45994094575643
2025-08-01,Mags Uniform Shorts (MG020),100,1.2410355819827783,0.0,2.8005290250350248
2025-09-01,Mags Uniform Shorts (MG020),100,1.2474194196861763,0.0,2.758615772243176
2025-10-01,Mags Uniform Shorts (MG020),100,1.2474702758148284,0.0,2.7480668422092402
2025-11-01,Mags Uniform Shorts (MG020),100,1.2497634980839054,0.0,2.868894625934236
2025-06-01,Mags Uniform Shorts (MG020),104,0.6949961925957095,0.0,2.0758674199781555
2025-07-01,Mags Uniform Shorts (MG020),104,0.676955409198442,0.0,1.9722904263767922
2025-08-01,Mags Uniform Shorts (MG020),104,1.255230475273681,0.0,2.6101560036191094
2025-09-01,Mags Uniform Shorts (MG020),104,0.727618796864218,0.0,2.059312446647265
2025-10-01,Mags Uniform Shorts (MG020),104,0.7931087084450745,0.0,2.137654613062577
2025-11-01,Mags Uniform Shorts (MG020),104,0.8629068259636045,0.0,2.236789167851031
2025-06-01,Mags Uniform Shorts (MG020),108,0.31224192010121476,0.0,0.8454990215926321
2025-07-01,Mags Uniform Shorts (MG020),108,0.300784423294664,0.0,0.855984126414562
2025-08-01,Mags Uniform Shorts (MG020),108,0.307472247982145,0.0,0.8415656550829493
2025-09-01,Mags Uniform Shorts (MG020),108,0.33348918218259727,0.0,0.8676844162673382
2025-10-01,Mags Uniform Shorts (MG020),108,0.3678712364096014,0.0,0.9071609552150897
2025-11-01,Mags Uniform Shorts (MG020),108,0.40467377039409286,0.0,0.9775791425501191
2025-06-01,Mags Uniform Shorts (MG020),112,0.551460309052088,0.0,1.7538952067857394
2025-07-01,Mags Uniform Shorts (MG020),112,0.47035048386447276,0.0,1.6103394856441413
2025-08-01,Mags Uniform Shorts (MG020),112,0.4384185902818305,0.0,1.5707499012630353
2025-09-01,Mags Uniform Shorts (MG020),112,0.45941581375055607,0.0,1.5857621655220728
2025-10-01,Mags Uniform Shorts (MG020),112,1.660148251764201,0.4499947446511744,2.808367235226047
2025-11-01,Mags Uniform Shorts (MG020),112,0.6153539420281229,0.0,1.7342578535444106
2025-06-01,Mags Uniform Shorts (MG020),116,0.008867184873156603,0.0,0.22112846052420676
2025-07-01,Mags Uniform Shorts (MG020),116,0.0,0.0,0.19281581924929453
2025-08-01,Mags Uniform Shorts (MG020),116,0.0,0.0,0.20557446057414897
2025-09-01,Mags Uniform Shorts (MG020),116,0.01642621659097962,0.0,0.22358942187584527
2025-10-01,Mags Uniform Shorts (MG020),116,0.04427891038654663,0.0,0.2372518487686843
2025-11-01,Mags Uniform Shorts (MG020),116,0.07686742529494411,0.0,0.29160329285684466
2025-06-01,Mags Uniform Shorts (MG020),120,0.5369277541802515,0.0,1.2925699323808333
2025-07-01,Mags Uniform Shorts (MG020),120,0.5421125866889476,0.0,1.2700807539023433
2025-08-01,Mags Uniform Shorts (MG020),120,0.5338623099497921,0.0,1.291748638835243
2025-09-01,Mags Uniform Shorts (MG020),120,0.5235129557786719,0.0,1.2475685118400426
2025-10-01,Mags Uniform Shorts (MG020),120,0.5035838180155813,0.0,1.2231542409273415
2025-11-01,Mags Uniform Shorts (MG020),120,0.4824455669862606,0.0,1.2959133283761912
2025-06-01,Mags Uniform Shorts (MG020),124,0.2101083080686243,0.0,0.4350043945791596
2025-07-01,Mags Uniform Shorts (MG020),124,0.2285739189946679,0.0,0.4691893622572108
2025-08-01,Mags Uniform Shorts (MG020),124,0.2356713084506264,0.0029928741939841863,0.47591870195142105
2025-09-01,Mags Uniform Shorts (MG020),124,0.23528926943902767,0.012931570110651536,0.47689923769364323
2025-10-01,Mags Uniform Shorts (MG020),124,0.22154120310746198,0.0058037370948366826,0.4657480108076772
2025-11-01,Mags Uniform Shorts (MG020),124,0.19930769047547287,0.0,0.4280796444243262
2025-06-01,Mags Uniform Shorts (MG020),128,0.06947760021463167,0.0,0.4779593920865815
2025-07-01,Mags Uniform Shorts (MG020),128,0.05191612836440032,0.0,0.47969770905865206
2025-08-01,Mags Uniform Shorts (MG020),128,0.04458947296377691,0.0,0.4505154013198502
2025-09-01,Mags Uniform Shorts (MG020),128,0.04733594292206311,0.0,0.4607035123108534
2025-10-01,Mags Uniform Shorts (MG020),128,0.06135713998404238,0.0,0.4822837295955672
2025-11-01,Mags Uniform Shorts (MG020),128,0.08348447874049472,0.0,0.5098516261837466
2025-06-01,Mags Uniform Shorts (MG020),60,0.33928352413259,0.0,0.731619480585557
2025-07-01,Mags Uniform Shorts (MG020),60,0.30238694446268144,0.0,0.6952718408959968
2025-08-01,Mags Uniform Shorts (MG020),60,0.25361334861175655,0.0,0.6345872362974921
2025-09-01,Mags Uniform Shorts (MG020),60,0.20545317856070278,0.0,0.6399938459469323
2025-10-01,Mags Uniform Shorts (MG020),60,0.1737686783843011,0.0,0.5806516566067207
2025-11-01,Mags Uniform Shorts (MG020),60,1.2900016129919332,0.8896434692944455,1.695274118942081
2025-06-01,Mags Uniform Shorts (MG020),64,1.991948116151315,0.0,4.83565928207331
2025-07-01,Mags Uniform Shorts (MG020),64,1.9174909758170675,0.0,4.7220149140552765
2025-08-01,Mags Uniform Shorts (MG020),64,1.292471128277662,0.0,4.272984093998204
2025-09-01,Mags Uniform Shorts (MG020),64,1.8545512041352883,0.0,4.840926425387877
2025-10-01,Mags Uniform Shorts (MG020),64,1.8777178627475506,0.0,4.671040069432265
2025-11-01,Mags Uniform Shorts (MG020),64,5.32008593087409,2.5673732257871857,8.276575178984993
2025-06-01,Mags Uniform Shorts (MG020),68,4.127179645595957,0.0,12.224489153312454
2025-07-01,Mags Uniform Shorts (MG020),68,3.7746471417866356,0.0,11.114504754137299
2025-08-01,Mags Uniform Shorts (MG020),68,3.5220918091804765,0.0,10.582320860036301
2025-09-01,Mags Uniform Shorts (MG020),68,3.4369701241823067,0.0,11.56822498043231
2025-10-01,Mags Uniform Shorts (MG020),68,3.564212779779143,0.0,11.127289741709514
2025-11-01,Mags Uniform Shorts (MG020),68,13.457704679016082,6.157280505122226,21.429467343583543
2025-06-01,Mags Uniform Shorts (MG020),72,8.040963083649297,0.0,21.093885530296692
2025-07-01,Mags Uniform Shorts (MG020),72,7.299342171450389,0.0,19.862960165169056
2025-08-01,Mags Uniform Shorts (MG020),72,6.199226767543694,0.0,19.994742428128014
2025-09-01,Mags Uniform Shorts (MG020),72,7.643960139331131,0.0,20.818808793004326
2025-10-01,Mags Uniform Shorts (MG020),72,9.741663075638268,0.0,23.417816295509425
2025-11-01,Mags Uniform Shorts (MG020),72,16.367101300665574,3.3697612505533945,29.765881452195618
2025-06-01,Mags Uniform Shorts (MG020),76,11.919046320526006,0.0,25.745959063276153
2025-07-01,Mags Uniform Shorts (MG020),76,12.444738273092602,0.0,27.217728920309728
2025-08-01,Mags Uniform Shorts (MG020),76,10.799640001380055,0.0,25.645455822426012
2025-09-01,Mags Uniform Shorts (MG020),76,9.45683047188259,0.0,23.050532495803104
2025-10-01,Mags Uniform Shorts (MG020),76,10.710425354328532,0.0,25.500732864988034
2025-11-01,Mags Uniform Shorts (MG020),76,27.443088124300708,13.056246839533204,41.13239325903496
2025-06-01,Mags Uniform Shorts (MG020),80,8.778691303852431,0.0,19.361161957571547
2025-07-01,Mags Uniform Shorts (MG020),80,10.132356146447258,0.0,20.952263141419667
2025-08-01,Mags Uniform Shorts (MG020),80,8.089605997433235,0.0,19.925337543711223
2025-09-01,Mags Uniform Shorts (MG020),80,10.194030969943118,0.0,21.707616825826147
2025-10-01,Mags Uniform Shorts (MG020),80,9.016803843161284,0.0,19.93913693836434
2025-11-01,Mags Uniform Shorts (MG020),80,15.381388219032305,4.43767161191509,27.157150848762818
2025-06-01,Mags Uniform Shorts (MG020),84,5.677117073242855,0.0,12.987404885626887
2025-07-01,Mags Uniform Shorts (MG020),84,5.222266134074669,0.0,12.681995150517828
2025-08-01,Mags Uniform Shorts (MG020),84,5.3520085175130845,0.0,12.328800606708567
2025-09-01,Mags Uniform Shorts (MG020),84,5.048629819070544,0.0,13.299411691099333
2025-10-01,Mags Uniform Shorts (MG020),84,6.097400865571423,0.0,13.435787309779457
2025-11-01,Mags Uniform Shorts (MG020),84,13.00088235805032,5.441916149621544,19.79846466905869
2025-06-01,Mags Uniform Shorts (MG020),88,4.317230181970393,0.0,10.847057907617055
2025-07-01,Mags Uniform Shorts (MG020),88,5.008984899962292,0.0,11.25272341364387
2025-08-01,Mags Uniform Shorts (MG020),88,3.5336874430449994,0.0,9.548980819879471
2025-09-01,Mags Uniform Shorts (MG020),88,3.398675907545805,0.0,9.820252811451544
2025-10-01,Mags Uniform Shorts (MG020),88,5.776502702600161,0.0,12.16160154205203
2025-11-01,Mags Uniform Shorts (MG020),88,13.95723232435656,7.9042301056282405,20.417020717928523
2025-06-01,Mags Uniform Shorts (MG020),92,2.0488107001376505,0.0,4.921765490019842
2025-07-01,Mags Uniform Shorts (MG020),92,1.899591580210734,0.0,4.678114425564514
2025-08-01,Mags Uniform Shorts (MG020),92,1.8200210435566526,0.0,4.633678086138662
2025-09-01,Mags Uniform Shorts (MG020),92,2.3941365174978597,0.0,5.174302633431725
2025-10-01,Mags Uniform Shorts (MG020),92,1.9228699873777717,0.0,4.860650174855408
2025-11-01,Mags Uniform Shorts (MG020),92,6.054210193208106,3.2666459783593003,9.169548288313848
2025-06-01,Mags Uniform Shorts (MG020),96,1.502281599251598,0.0,3.8409714848102743
2025-07-01,Mags Uniform Shorts (MG020),96,1.4278951425473623,0.0,3.7021442749303897
2025-08-01,Mags Uniform Shorts (MG020),96,2.5156003344346156,0.3374443111364999,4.911794930143204
2025-09-01,Mags Uniform Shorts (MG020),96,1.368549091160337,0.0,3.666644169955925
2025-10-01,Mags Uniform Shorts (MG020),96,2.5544270833092257,0.0557294431710676,4.969160955589281
2025-11-01,Mags Uniform Shorts (MG020),96,2.6250060798999852,0.39541911969107213,4.708491599578621
2025-06-01,Mags Uniform Tartan Skirt Tartan (MG018),10,9.044977773905329,0.0,17.94810536711357
2025-07-01,Mags Uniform Tartan Skirt Tartan (MG018),10,9.024404070914787,0.0,17.68795681362356
2025-08-01,Mags Uniform Tartan Skirt Tartan (MG018),10,8.686745266213194,0.0,17.977316638730564
2025-09-01,Mags Uniform Tartan Skirt Tartan (MG018),10,7.515917351659467,0.0,16.488780212899922
2025-10-01,Mags Uniform Tartan Skirt Tartan (MG018),10,14.660147269464208,6.377191709380398,23.427676314976942
2025-11-01,Mags Uniform Tartan Skirt Tartan (MG018),10,20.94680753346698,11.526749042114227,29.67803743668386
2025-06-01,Mags Uniform Tartan Skirt Tartan (MG018),12,8.758068443099244,1.1220274642253611,15.92753303490758
2025-07-01,Mags Uniform Tartan Skirt Tartan (MG018),12,8.764546979515142,0.8596685285270307,16.24714815713226
2025-08-01,Mags Uniform Tartan Skirt Tartan (MG018),12,9.307457239059605,1.5772377002781117,16.622686878147903
2025-09-01,Mags Uniform Tartan Skirt Tartan (MG018),12,10.442180729254114,2.883581141297839,17.776985647549317
2025-10-01,Mags Uniform Tartan Skirt Tartan (MG018),12,8.69960061142701,1.4043353839947132,16.315733038017523
2025-11-01,Mags Uniform Tartan Skirt Tartan (MG018),12,10.934352453504427,2.937270875812272,18.809964121253415
2025-06-01,Mags Uniform Tartan Skirt Tartan (MG018),14,6.75181394106466,2.3348598532013267,11.15016626803134
2025-07-01,Mags Uniform Tartan Skirt Tartan (MG018),14,6.077229355158401,1.5299050732852006,10.26967100168342
2025-08-01,Mags Uniform Tartan Skirt Tartan (MG018),14,5.990033256900394,1.495834586372761,10.357598605576948
2025-09-01,Mags Uniform Tartan Skirt Tartan (MG018),14,4.80564444028742,0.36394955758522496,9.212985729575726
2025-10-01,Mags Uniform Tartan Skirt Tartan (MG018),14,5.948886114699094,1.532725334599964,10.479835310328236
2025-11-01,Mags Uniform Tartan Skirt Tartan (MG018),14,6.55099128415523,2.2820432752199453,10.553159374202714
2025-06-01,Mags Uniform Tartan Skirt Tartan (MG018),16,3.2108393049305484,0.6085998554073364,6.026884138337954
2025-07-01,Mags Uniform Tartan Skirt Tartan (MG018),16,3.163341267216132,0.20696709292765464,6.110439723716884
2025-08-01,Mags Uniform Tartan Skirt Tartan (MG018),16,3.0787259548144656,0.2657135981918552,5.911134925960251
2025-09-01,Mags Uniform Tartan Skirt Tartan (MG018),16,2.429718470413697,0.0,5.414867841256505
2025-10-01,Mags Uniform Tartan Skirt Tartan (MG018),16,2.9348575115940174,0.06531361715603465,5.812192571130534
2025-11-01,Mags Uniform Tartan Skirt Tartan (MG018),16,4.587071636472112,1.7483553094508533,7.266361298946724
2025-06-01,Mags Uniform Tartan Skirt Tartan (MG018),18,1.9764709476057376,0.9255217607412468,3.069242718854602
2025-07-01,Mags Uniform Tartan Skirt Tartan (MG018),18,1.3285428463765305,0.20719192251856094,2.3938758186718094
2025-08-01,Mags Uniform Tartan Skirt Tartan (MG018),18,1.3294385924911,0.2559265692252391,2.4726995352535446
2025-09-01,Mags Uniform Tartan Skirt Tartan (MG018),18,0.8164334898536982,0.0,1.92714709765382
2025-10-01,Mags Uniform Tartan Skirt Tartan (MG018),18,2.0705073463269192,1.001369507055816,3.0438589449658675
2025-11-01,Mags Uniform Tartan Skirt Tartan (MG018),18,2.199604678684154,1.0870345607377794,3.2917004023407848
2025-06-01,Mags Uniform Tartan Skirt Tartan (MG018),20,0.6598812732479362,0.0,1.3298325172468324
2025-07-01,Mags Uniform Tartan Skirt Tartan (MG018),20,0.611404322521315,0.0,1.2953815421448533
2025-08-01,Mags Uniform Tartan Skirt Tartan (MG018),20,1.1268759107589996,0.43811937788165906,1.8192235054024866
2025-09-01,Mags Uniform Tartan Skirt Tartan (MG018),20,0.5132984632921203,0.0,1.1320405085436767
2025-10-01,Mags Uniform Tartan Skirt Tartan (MG018),20,1.6292859689322854,0.9101805193381243,2.29778804986162
2025-11-01,Mags Uniform Tartan Skirt Tartan (MG018),20,0.4897993592281251,0.0,1.12805213308315
2025-06-01,Mags Uniform Tartan Skirt Tartan (MG018),22,0.41057177934123235,0.0,0.9324430082302336
2025-07-01,Mags Uniform Tartan Skirt Tartan (MG018),22,0.4122291637934937,0.0,0.9288123639893195
2025-08-01,Mags Uniform Tartan Skirt Tartan (MG018),22,0.40827302900718676,0.0,0.938865074334101
2025-09-01,Mags Uniform Tartan Skirt Tartan (MG018),22,0.40584721591884787,0.0,0.9169167474561914
2025-10-01,Mags Uniform Tartan Skirt Tartan (MG018),22,0.3993390517679651,0.0,0.9722514579166286
2025-11-01,Mags Uniform Tartan Skirt Tartan (MG018),22,0.39267174410785244,0.0,0.9080314987635868
2025-06-01,Mags Uniform Tartan Skirt Tartan (MG018),24,0.14520878163544348,0.0,0.516429345150673
2025-07-01,Mags Uniform Tartan Skirt Tartan (MG018),24,0.19902245246336134,0.0,0.5714496475263582
2025-08-01,Mags Uniform Tartan Skirt Tartan (MG018),24,0.2553637930158629,0.0,0.6386675190833507
2025-09-01,Mags Uniform Tartan Skirt Tartan (MG018),24,0.3069059854160694,0.0,0.6523316856615172
2025-10-01,Mags Uniform Tartan Skirt Tartan (MG018),24,0.33615687569597813,0.0,0.7100668331420196
2025-11-01,Mags Uniform Tartan Skirt Tartan (MG018),24,0.3379716154325786,0.0,0.6902367260094899
2025-06-01,Mags Uniform Tartan Skirt Tartan (MG018),26,0.08873535659179743,0.0,0.2688908287736232
2025-07-01,Mags Uniform Tartan Skirt Tartan (MG018),26,0.10657443590316426,0.0,0.28441496470141314
2025-08-01,Mags Uniform Tartan Skirt Tartan (MG018),26,0.11442785190585872,0.0,0.294737813784326
2025-09-01,Mags Uniform Tartan Skirt Tartan (MG018),26,0.11337353754846645,0.0,0.29604807764158486
2025-10-01,Mags Uniform Tartan Skirt Tartan (MG018),26,0.10150003647806838,0.0,0.2729333975807214
2025-11-01,Mags Uniform Tartan Skirt Tartan (MG018),26,0.08219266854694685,0.0,0.2724838834695603
2025-06-01,Mags Uniform Tartan Skirt Tartan (MG018),28,0.0,0.0,0.261862245645002
2025-07-01,Mags Uniform Tartan Skirt Tartan (MG018),28,0.0,0.0,0.2496391470145852
2025-08-01,Mags Uniform Tartan Skirt Tartan (MG018),28,0.01823209683024998,0.0,0.2533468747696132
2025-09-01,Mags Uniform Tartan Skirt Tartan (MG018),28,0.04950154395987223,0.0,0.3028686406537224
2025-10-01,Mags Uniform Tartan Skirt Tartan (MG018),28,0.07782894380964252,0.0,0.31490018698319105
2025-11-01,Mags Uniform Tartan Skirt Tartan (MG018),28,0.09687987556281641,0.0,0.34589037329916644
2025-06-01,Mags Uniform Tartan Skirt Tartan (MG018),30,0.016372391151814027,0.0,0.09574503834293126
2025-07-01,Mags Uniform Tartan Skirt Tartan (MG018),30,0.007473766243117137,0.0,0.0906545865376384
2025-08-01,Mags Uniform Tartan Skirt Tartan (MG018),30,0.5720448955617202,0.48788237728257017,0.6549006522792109
2025-09-01,Mags Uniform Tartan Skirt Tartan (MG018),30,0.0,0.0,0.08348987425613576
2025-10-01,Mags Uniform Tartan Skirt Tartan (MG018),30,0.014269719174735428,0.0,0.10153169280833961
2025-11-01,Mags Uniform Tartan Skirt Tartan (MG018),30,0.033010742987475916,0.0,0.12033043398266235
2025-06-01,Mags Uniform Tartan Skirt Tartan (MG018),32,0.03274017260794926,0.0,0.12445470742053985
2025-07-01,Mags Uniform Tartan Skirt Tartan (MG018),32,0.016125680606510567,0.0,0.10480364605712258
2025-08-01,Mags Uniform Tartan Skirt Tartan (MG018),32,0.007204754745412267,0.0,0.09820682597111151
2025-09-01,Mags Uniform Tartan Skirt Tartan (MG018),32,0.5663142248957972,0.47778648203204543,0.6588398148654405
2025-10-01,Mags Uniform Tartan Skirt Tartan (MG018),32,0.0,0.0,0.08010755178417504
2025-11-01,Mags Uniform Tartan Skirt Tartan (MG018),32,0.012012957229564972,0.0,0.0997937807845231
2025-06-01,Mags Uniform Tartan Skirt Tartan (MG018),6,2.3395886450719745,0.0,5.1551425282344665
2025-07-01,Mags Uniform Tartan Skirt Tartan (MG018),6,2.912061688681257,0.06855719550566228,5.934790667521475
2025-08-01,Mags Uniform Tartan Skirt Tartan (MG018),6,2.390836105811416,0.0,5.338146709283511
2025-09-01,Mags Uniform Tartan Skirt Tartan (MG018),6,3.061632674825964,0.2887244893705895,5.685104821397117
2025-10-01,Mags Uniform Tartan Skirt Tartan (MG018),6,4.294809070343095,1.503414764155928,6.990705926685456
2025-11-01,Mags Uniform Tartan Skirt Tartan (MG018),6,4.371575779265652,1.6986360287478441,7.4435930643953485
2025-06-01,Mags Uniform Tartan Skirt Tartan (MG018),8,9.09759217744572,0.0,18.177080023039366
2025-07-01,Mags Uniform Tartan Skirt Tartan (MG018),8,9.857504503808446,0.4447933362336242,18.398628029067265
2025-08-01,Mags Uniform Tartan Skirt Tartan (MG018),8,7.811746557949455,0.0,16.609876988817135
2025-09-01,Mags Uniform Tartan Skirt Tartan (MG018),8,8.200273348764323,0.0,16.527291588541463
2025-10-01,Mags Uniform Tartan Skirt Tartan (MG018),8,9.907308084436547,0.6261436248618736,19.277747131618003
2025-11-01,Mags Uniform Tartan Skirt Tartan (MG018),8,21.760073370859104,12.562845490661912,29.951652631099876
2025-06-01,Mags Uniform Tie Navy (MG004),Each,14.53367852883011,7.375388768115778,21.776525784849248
2025-07-01,Mags Uniform Tie Navy (MG004),Each,8.128264223487655,1.0152091856540615,15.661261696878949
2025-08-01,Mags Uniform Tie Navy (MG004),Each,8.411682339334245,0.7897044403285355,15.321003026299376
2025-09-01,Mags Uniform Tie Navy (MG004),Each,8.0797116061097,1.19562434959097,14.982938776410819
2025-10-01,Mags Uniform Tie Navy (MG004),Each,9.253807743973505,2.1198618507415676,16.52167117110791
2025-11-01,Mags Uniform Tie Navy (MG004),Each,18.936515406177264,11.29922627450377,26.45913221984067
2025-06-01,Mags Uniform Trousers Black (MG022),100,5.310151082610923,2.4713435910828805,8.112001995160071
2025-07-01,Mags Uniform Trousers Black (MG022),100,6.565181273890271,3.758834644774774,9.51104456029695
2025-08-01,Mags Uniform Trousers Black (MG022),100,4.42239032811796,1.6230908465674116,7.467589325978872
2025-09-01,Mags Uniform Trousers Black (MG022),100,6.8388223116444795,3.741981454905491,9.93739178235691
2025-10-01,Mags Uniform Trousers Black (MG022),100,4.642597421122655,1.6394909105611872,7.600304340129586
2025-11-01,Mags Uniform Trousers Black (MG022),100,6.395723519269897,3.2960232175132433,9.43713121872639
2025-06-01,Mags Uniform Trousers Black (MG022),104,3.5364713655373246,1.268992439348852,5.688502084495222
2025-07-01,Mags Uniform Trousers Black (MG022),104,3.7078208822593077,1.5525720980693105,5.856542471642713
2025-08-01,Mags Uniform Trousers Black (MG022),104,3.3058656151506858,0.9959738379013305,5.730922344123541
2025-09-01,Mags Uniform Trousers Black (MG022),104,2.888360162974804,0.6726187430497995,5.040331060796382
2025-10-01,Mags Uniform Trousers Black (MG022),104,4.660919593545601,2.5191353963566026,6.83947372725213
2025-11-01,Mags Uniform Trousers Black (MG022),104,2.9296826644152865,0.8309461376829239,5.1802275576916195
2025-06-01,Mags Uniform Trousers Black (MG022),108,1.3492983510650185,0.0012367860570024298,2.693786779733762
2025-07-01,Mags Uniform Trousers Black (MG022),108,3.091550144946251,1.7057043607554978,4.5427480919049215
2025-08-01,Mags Uniform Trousers Black (MG022),108,1.4191803679898645,0.0,2.818117567287534
2025-09-01,Mags Uniform Trousers Black (MG022),108,2.04058897114418,0.6520594132083096,3.393366494784988
2025-10-01,Mags Uniform Trousers Black (MG022),108,3.1984202052422126,1.7535931267052434,4.532589366347507
2025-11-01,Mags Uniform Trousers Black (MG022),108,1.4962208238186485,0.16766280638830056,2.8187119304348087
2025-06-01,Mags Uniform Trousers Black (MG022),112,0.7824757740241319,0.0,1.6430050579043882
2025-07-01,Mags Uniform Trousers Black (MG022),112,1.8723090331832946,1.0686436740984167,2.681741403198566
2025-08-01,Mags Uniform Trousers Black (MG022),112,1.2831654318645787,0.42943310759873227,2.126446298850195
2025-09-01,Mags Uniform Trousers Black (MG022),112,0.7366400615876927,0.0,1.5507628241908091
2025-10-01,Mags Uniform Trousers Black (MG022),112,1.9224458198668548,1.0161381975413215,2.7719960271000343
2025-11-01,Mags Uniform Trousers Black (MG022),112,0.8525292584045837,0.023622726968756284,1.6778667867672166
2025-06-01,Mags Uniform Trousers Black (MG022),116,1.1145373799570104,0.597836955639253,1.6202872188765431
2025-07-01,Mags Uniform Trousers Black (MG022),116,0.5299566417668549,0.005074130838262181,1.0597846301085352
2025-08-01,Mags Uniform Trousers Black (MG022),116,0.5426685170146441,0.05638897895682856,1.0796576457615121
2025-09-01,Mags Uniform Trousers Black (MG022),116,1.1325784756542052,0.6346176990480313,1.6380276001895948
2025-10-01,Mags Uniform Trousers Black (MG022),116,0.5916315349351735,0.08950533786172928,1.0956338211807761
2025-11-01,Mags Uniform Trousers Black (MG022),116,0.632155827984853,0.11113651784004844,1.164074873880474
2025-06-01,Mags Uniform Trousers Black (MG022),120,0.4371850901131602,0.0,1.2364276002217018
2025-07-01,Mags Uniform Trousers Black (MG022),120,2.6593899913230494,1.7554477713602943,3.5243070241433436
2025-08-01,Mags Uniform Trousers Black (MG022),120,1.5524647943710312,0.7164584455188295,2.388177972694827
2025-09-01,Mags Uniform Trousers Black (MG022),120,0.5347954087223659,0.0,1.3997726972271871
2025-10-01,Mags Uniform Trousers Black (MG022),120,0.7259259437400228,0.0,1.5213940739556864
2025-11-01,Mags Uniform Trousers Black (MG022),120,0.927050495417366,0.1499550343129822,1.81486039111341
2025-06-01,Mags Uniform Trousers Black (MG022),124,1.0349531307711846,0.38725813329954056,1.6966070345289788
2025-07-01,Mags Uniform Trousers Black (MG022),124,1.0177827222201996,0.38696950740038893,1.6278619611986849
2025-08-01,Mags Uniform Trousers Black (MG022),124,1.044941951789381,0.47115972355214464,1.6326923145906291
2025-09-01,Mags Uniform Trousers Black (MG022),124,0.5390796458568226,0.0,1.146218686194204
2025-10-01,Mags Uniform Trousers Black (MG022),124,0.6275127190321373,0.0,1.2416449063267396
2025-11-01,Mags Uniform Trousers Black (MG022),124,0.716847861037551,0.08280908542167321,1.2941220227426333
2025-06-01,Mags Uniform Trousers Black (MG022),128,0.07197066502524592,0.0,0.24273048906764302
2025-07-01,Mags Uniform Trousers Black (MG022),128,0.07692395228715805,0.0,0.23480531936846946
2025-08-01,Mags Uniform Trousers Black (MG022),128,0.07942820888606053,0.0,0.23084196701787488
2025-09-01,Mags Uniform Trousers Black (MG022),128,0.08038598090585,0.0,0.2531699165949791
2025-10-01,Mags Uniform Trousers Black (MG022),128,0.0778488019092986,0.0,0.2424334601778208
2025-11-01,Mags Uniform Trousers Black (MG022),128,0.07285152258836769,0.0,0.23936142984245917
2025-06-01,Mags Uniform Trousers Black (MG022),60,0.2589567385801441,0.0,0.6057176030866201
2025-07-01,Mags Uniform Trousers Black (MG022),60,0.25827625387238295,0.0,0.6207701674725151
2025-08-01,Mags Uniform Trousers Black (MG022),60,0.25236469161678815,0.0,0.5683462704985194
2025-09-01,Mags Uniform Trousers Black (MG022),60,0.24638537477548167,0.0,0.5708600175827532
2025-10-01,Mags Uniform Trousers Black (MG022),60,0.23765821314361454,0.0,0.5597792726812064
2025-11-01,Mags Uniform Trousers Black (MG022),60,0.22958023302205705,0.0,0.5705813866127142
2025-06-01,Mags Uniform Trousers Black (MG022),64,0.657736835529071,0.0,1.4744474194951003
2025-07-01,Mags Uniform Trousers Black (MG022),64,0.7551822542969747,0.0,1.5022147779370019
2025-08-01,Mags Uniform Trousers Black (MG022),64,0.822054777327656,0.0006203727872569088,1.622725199313009
2025-09-01,Mags Uniform Trousers Black (MG022),64,1.418579533019623,0.63187516210725,2.2554975581933343
2025-10-01,Mags Uniform Trousers Black (MG022),64,0.8287296170774405,0.02176215671353735,1.6289518632151483
2025-11-01,Mags Uniform Trousers Black (MG022),64,1.8980316553603611,1.0907013765595623,2.687957942329848
2025-06-01,Mags Uniform Trousers Black (MG022),68,3.8496441310142666,1.9145211743414818,5.5518077430981965
2025-07-01,Mags Uniform Trousers Black (MG022),68,4.989646953769762,3.1020516696144287,6.732269499878072
2025-08-01,Mags Uniform Trousers Black (MG022),68,2.8588612246238565,1.023212634992811,4.595694386435013
2025-09-01,Mags Uniform Trousers Black (MG022),68,2.5385462873271574,0.7079791245327649,4.267326210747404
2025-10-01,Mags Uniform Trousers Black (MG022),68,4.539951400982545,2.6245894480645253,6.431700130695468
2025-11-01,Mags Uniform Trousers Black (MG022),68,5.920186925822321,4.088850629226874,7.81015496613691
2025-06-01,Mags Uniform Trousers Black (MG022),72,7.020605657482355,2.199171386378074,12.015913985993622
2025-07-01,Mags Uniform Trousers Black (MG022),72,10.940433154064216,5.632172421126126,16.391170335426043
2025-08-01,Mags Uniform Trousers Black (MG022),72,7.431756037569511,2.425069492657238,12.558101493680688
2025-09-01,Mags Uniform Trousers Black (MG022),72,8.984379521483607,4.053906633427022,13.832935319146197
2025-10-01,Mags Uniform Trousers Black (MG022),72,6.359059602741673,0.897803962926819,11.117310876701021
2025-11-01,Mags Uniform Trousers Black (MG022),72,15.946510347712756,10.603328463319068,20.670183107208057
2025-06-01,Mags Uniform Trousers Black (MG022),76,13.98744167055553,4.981689712736186,23.009477161667725
2025-07-01,Mags Uniform Trousers Black (MG022),76,21.075224958217483,11.852434432481594,30.274538123828382
2025-08-01,Mags Uniform Trousers Black (MG022),76,20.147422119951468,11.309673983949349,29.401649929198992
2025-09-01,Mags Uniform Trousers Black (MG022),76,14.608529090678783,4.898684575134259,23.886132132014044
2025-10-01,Mags Uniform Trousers Black (MG022),76,17.401739076305752,7.253890698976868,26.41952901509823
2025-11-01,Mags Uniform Trousers Black (MG022),76,22.0112847588931,11.905722157797465,31.487953501931685
2025-06-01,Mags Uniform Trousers Black (MG022),80,18.933540631608196,5.417018068419971,31.872568540092185
2025-07-01,Mags Uniform Trousers Black (MG022),80,26.692207046991772,13.9087706613717,39.65764358304597
2025-08-01,Mags Uniform Trousers Black (MG022),80,23.640691859988152,10.272993154449317,36.26224060143868
2025-09-01,Mags Uniform Trousers Black (MG022),80,20.585583303986432,8.053503244173884,33.28922846099543
2025-10-01,Mags Uniform Trousers Black (MG022),80,22.932526885392793,9.379215342250625,35.54728420272718
2025-11-01,Mags Uniform Trousers Black (MG022),80,27.611406246773505,14.656840121256234,40.304322786939274
2025-06-01,Mags Uniform Trousers Black (MG022),84,21.294743757985213,8.132923288864617,34.00675498875469
2025-07-01,Mags Uniform Trousers Black (MG022),84,30.887173546862243,18.30606521390453,44.365460371528776
2025-08-01,Mags Uniform Trousers Black (MG022),84,23.518399500084524,10.524950078818176,36.96764865004359
2025-09-01,Mags Uniform Trousers Black (MG022),84,21.97379813430593,9.209004228276884,35.23804825264477
2025-10-01,Mags Uniform Trousers Black (MG022),84,23.74624256145225,11.380903428669484,36.98584514475737
2025-11-01,Mags Uniform Trousers Black (MG022),84,32.00285216258881,18.989347839334414,45.70539518127358
2025-06-01,Mags Uniform Trousers Black (MG022),88,21.467285522549158,11.177168378559587,31.544586912406736
2025-07-01,Mags Uniform Trousers Black (MG022),88,20.871187803703766,10.84236710604335,31.732238153465186
2025-08-01,Mags Uniform Trousers Black (MG022),88,22.134683302037246,12.524112804039364,31.876705315584385
2025-09-01,Mags Uniform Trousers Black (MG022),88,18.28565261757096,8.538439019156051,28.119425208941664
2025-10-01,Mags Uniform Trousers Black (MG022),88,18.884267645309578,9.050689921055909,29.08563777441401
2025-11-01,Mags Uniform Trousers Black (MG022),88,22.005844546067014,11.762098131119595,32.17735374072558
2025-06-01,Mags Uniform Trousers Black (MG022),92,10.840143817860168,4.758051306764205,17.473273737604632
2025-07-01,Mags Uniform Trousers Black (MG022),92,11.10861786592438,4.754710454022103,17.658687290202327
2025-08-01,Mags Uniform Trousers Black (MG022),92,9.346155231873887,2.935693917281238,15.530854084462877
2025-09-01,Mags Uniform Trousers Black (MG022),92,9.418134381855303,3.192391621060847,16.368712081544533
2025-10-01,Mags Uniform Trousers Black (MG022),92,14.555753518351652,8.107368841216744,20.496088291921147
2025-11-01,Mags Uniform Trousers Black (MG022),92,14.356671940034564,8.526422854763155,21.354535931010208
2025-06-01,Mags Uniform Trousers Black (MG022),96,7.5883719828289316,2.9266025211149653,12.709687748921873
2025-07-01,Mags Uniform Trousers Black (MG022),96,10.852982696281698,6.147836767005806,15.957993754340022
2025-08-01,Mags Uniform Trousers Black (MG022),96,8.841550690015511,4.114676228510906,13.51268058953936
2025-09-01,Mags Uniform Trousers Black (MG022),96,7.30239922899921,2.6127043368594673,11.55213143707221
2025-10-01,Mags Uniform Trousers Black (MG022),96,10.111816422410449,5.74051866454181,15.004255867918356
2025-11-01,Mags Uniform Trousers Black (MG022),96,13.792120917047988,9.173050161076588,18.481787521929277
2025-06-01,Mags Uniform Y13 Skirt Navy (MG019),10,8.393925111166832,2.919348289364214,14.006793524929401
2025-07-01,Mags Uniform Y13 Skirt Navy (MG019),10,9.27816180636318,3.640367135224664,14.699319928370995
2025-08-01,Mags Uniform Y13 Skirt Navy (MG019),10,6.699798200700868,0.9837332744785634,12.583531250313882
2025-09-01,Mags Uniform Y13 Skirt Navy (MG019),10,7.024878036029712,1.5621191833431878,12.396049075696174
2025-10-01,Mags Uniform Y13 Skirt Navy (MG019),10,7.45049727595421,1.9967166683527109,13.295326196272587
2025-11-01,Mags Uniform Y13 Skirt Navy (MG019),10,15.892841035896808,9.593145058074365,21.598455034256258
2025-06-01,Mags Uniform Y13 Skirt Navy (MG019),12,7.9861323185491315,1.593265352958394,14.09191414237155
2025-07-01,Mags Uniform Y13 Skirt Navy (MG019),12,7.69484742447111,1.281777300340123,14.084540177728059
2025-08-01,Mags Uniform Y13 Skirt Navy (MG019),12,7.25028170243074,1.0606300908697721,12.860981972111968
2025-09-01,Mags Uniform Y13 Skirt Navy (MG019),12,7.374409259726266,0.9637950030289517,13.54916907034094
2025-10-01,Mags Uniform Y13 Skirt Navy (MG019),12,9.271358175291732,2.794261018268965,15.472905527187356
2025-11-01,Mags Uniform Y13 Skirt Navy (MG019),12,14.113564101188413,7.857319308003018,19.875143779829912
2025-06-01,Mags Uniform Y13 Skirt Navy (MG019),14,3.9548710856647267,0.1759898787415839,7.776446736112619
2025-07-01,Mags Uniform Y13 Skirt Navy (MG019),14,6.1753587020284755,2.3646165244904256,10.065954366131683
2025-08-01,Mags Uniform Y13 Skirt Navy (MG019),14,3.827103522029968,0.03871145361185897,7.399241800157405
2025-09-01,Mags Uniform Y13 Skirt Navy (MG019),14,4.940754302576847,0.8441659281289795,8.759118704498778
2025-10-01,Mags Uniform Y13 Skirt Navy (MG019),14,6.056481035185001,2.231968128513131,9.908275946439467
2025-11-01,Mags Uniform Y13 Skirt Navy (MG019),14,7.184023097779571,3.1047423075788827,10.925554687387118
2025-06-01,Mags Uniform Y13 Skirt Navy (MG019),16,4.0638966444681275,1.2987795392438002,6.986376472753828
2025-07-01,Mags Uniform Y13 Skirt Navy (MG019),16,2.8604674247193724,0.0,5.852456399186578
2025-08-01,Mags Uniform Y13 Skirt Navy (MG019),16,3.8780150872297523,1.203148455935908,6.610675482195249
2025-09-01,Mags Uniform Y13 Skirt Navy (MG019),16,2.59800086453019,0.0,5.358161185855355
2025-10-01,Mags Uniform Y13 Skirt Navy (MG019),16,3.0622377392083666,0.17376252173382864,5.951185623346814
2025-11-01,Mags Uniform Y13 Skirt Navy (MG019),16,6.938868582826878,4.068041084182873,9.97186669844915
2025-06-01,Mags Uniform Y13 Skirt Navy (MG019),18,2.5418897319017697,0.05482554514670736,4.91735156452286
2025-07-01,Mags Uniform Y13 Skirt Navy (MG019),18,3.0975394468900426,0.7018473803251042,5.692040600436924
2025-08-01,Mags Uniform Y13 Skirt Navy (MG019),18,3.6040506233541882,1.1061725598999945,6.072599137337993
2025-09-01,Mags Uniform Y13 Skirt Navy (MG019),18,2.395056221842834,0.040269844274913716,4.788798795778999
2025-10-01,Mags Uniform Y13 Skirt Navy (MG019),18,2.3453491952543715,0.0,4.74885660689283
2025-11-01,Mags Uniform Y13 Skirt Navy (MG019),18,3.446145679342323,1.016456498995495,5.952754743168289
2025-06-01,Mags Uniform Y13 Skirt Navy (MG019),20,1.5570200606209266,0.6424609018628652,2.469608227557803
2025-07-01,Mags Uniform Y13 Skirt Navy (MG019),20,1.544843072029331,0.6180481235749141,2.4551162432656377
2025-08-01,Mags Uniform Y13 Skirt Navy (MG019),20,0.9612736474556856,0.05782553905455956,1.9642637686472255
2025-09-01,Mags Uniform Y13 Skirt Navy (MG019),20,0.9445339014445068,0.0,1.8359661907231737
2025-10-01,Mags Uniform Y13 Skirt Navy (MG019),20,0.9246897944944148,0.0025442241355315624,1.875801542067972
2025-11-01,Mags Uniform Y13 Skirt Navy (MG019),20,1.4670064687712472,0.5436494070195147,2.3262778994317226
2025-06-01,Mags Uniform Y13 Skirt Navy (MG019),22,0.4845409752170733,0.0,1.1513814171096346
2025-07-01,Mags Uniform Y13 Skirt Navy (MG019),22,0.5285398455989252,0.0,1.2062633332215555
2025-08-01,Mags Uniform Y13 Skirt Navy (MG019),22,0.5584165912868946,0.0,1.2328892956919284
2025-09-01,Mags Uniform Y13 Skirt Navy (MG019),22,0.5780239248575456,0.0,1.2310822636730032
2025-10-01,Mags Uniform Y13 Skirt Navy (MG019),22,0.5713690025577167,0.0,1.2416433910668805
2025-11-01,Mags Uniform Y13 Skirt Navy (MG019),22,0.5441074377013082,0.0,1.2412564400317365
2025-06-01,Mags Uniform Y13 Skirt Navy (MG019),24,0.2787419021996528,0.0,0.763261310645645
2025-07-01,Mags Uniform Y13 Skirt Navy (MG019),24,0.2587810017533224,0.0,0.7126837038561259
2025-08-01,Mags Uniform Y13 Skirt Navy (MG019),24,0.2412826995192625,0.0,0.7060263655613167
2025-09-01,Mags Uniform Y13 Skirt Navy (MG019),24,0.23171170495777488,0.0,0.7158112376243144
2025-10-01,Mags Uniform Y13 Skirt Navy (MG019),24,0.23286695024632428,0.0,0.7085100662324932
2025-11-01,Mags Uniform Y13 Skirt Navy (MG019),24,0.8080875992479575,0.34026152971866136,1.3159953445347596
2025-06-01,Mags Uniform Y13 Skirt Navy (MG019),26,0.3547939320684286,0.0,0.7307574337214177
2025-07-01,Mags Uniform Y13 Skirt Navy (MG019),26,0.376318968747063,0.013519324773334996,0.7544768591875434
2025-08-01,Mags Uniform Y13 Skirt Navy (MG019),26,0.37277442156812485,0.0,0.7261923283770256
2025-09-01,Mags Uniform Y13 Skirt Navy (MG019),26,0.3531263002707381,0.0,0.746035332529446
2025-10-01,Mags Uniform Y13 Skirt Navy (MG019),26,0.3164040522306404,0.0,0.6817339377203815
2025-11-01,Mags Uniform Y13 Skirt Navy (MG019),26,0.2728198646080693,0.0,0.6259689977555982
2025-06-01,Mags Uniform Y13 Skirt Navy (MG019),30,0.10796550209561183,0.0,0.3084107028467909
2025-07-01,Mags Uniform Y13 Skirt Navy (MG019),30,0.10690424455236995,0.0,0.2880942027362843
2025-08-01,Mags Uniform Y13 Skirt Navy (MG019),30,0.10475952604979094,0.0,0.29190670457858653
2025-09-01,Mags Uniform Y13 Skirt Navy (MG019),30,0.10361560475964297,0.0,0.29172816711591487
2025-10-01,Mags Uniform Y13 Skirt Navy (MG019),30,0.10198719262795101,0.0,0.29377216748155494
2025-11-01,Mags Uniform Y13 Skirt Navy (MG019),30,0.10090749729332184,0.0,0.2808806157663007
2025-06-01,Mags Uniform Y13 Skirt Navy (MG019),34,0.006083305776806963,0.0,0.13837503874555054
2025-07-01,Mags Uniform Y13 Skirt Navy (MG019),34,0.0,0.0,0.13014966415019835
2025-08-01,Mags Uniform Y13 Skirt Navy (MG019),34,0.0,0.0,0.12877240845190419
2025-09-01,Mags Uniform Y13 Skirt Navy (MG019),34,0.0,0.0,0.12629300759050238
2025-10-01,Mags Uniform Y13 Skirt Navy (MG019),34,0.010129406596355806,0.0,0.13480459584445326
2025-11-01,Mags Uniform Y13 Skirt Navy (MG019),34,0.027801954821263408,0.0,0.1586479134166439
2025-06-01,Mags Uniform Y13 Skirt Navy (MG019),6,1.9506181485657625,0.8219685533217683,3.1436438031837555
2025-07-01,Mags Uniform Y13 Skirt Navy (MG019),6,1.9467215135631064,0.5801141836113501,3.184384009540429
2025-08-01,Mags Uniform Y13 Skirt Navy (MG019),6,1.4065577647073901,0.1445207490283088,2.6664779002589136
2025-09-01,Mags Uniform Y13 Skirt Navy (MG019),6,2.0309917961960626,0.8147375662846807,3.219017060536603
2025-10-01,Mags Uniform Y13 Skirt Navy (MG019),6,1.5209687808289556,0.25395789063895513,2.7329552762178357
2025-11-01,Mags Uniform Y13 Skirt Navy (MG019),6,2.7111249122565035,1.5755792131189168,4.003614397077001
2025-06-01,Mags Uniform Y13 Skirt Navy (MG019),8,3.561433241286304,0.0,7.215521377158565
2025-07-01,Mags Uniform Y13 Skirt Navy (MG019),8,3.083824795042963,0.0,6.709799604386803
2025-08-01,Mags Uniform Y13 Skirt Navy (MG019),8,3.195154734649243,0.0,7.01285963231947
2025-09-01,Mags Uniform Y13 Skirt Navy (MG019),8,3.3242457256103557,0.0,7.048568830694311
2025-10-01,Mags Uniform Y13 Skirt Navy (MG019),8,3.9927547190317614,0.17247800101279956,7.797524388627122
2025-11-01,Mags Uniform Y13 Skirt Navy (MG019),8,6.856947943262546,2.8521745518346204,10.57831901606304
2025-06-01,Mags Uniform Y13 Skirt Navy (MG019),SPCL,0.012166611553613926,0.0,0.2889760291742724
2025-07-01,Mags Uniform Y13 Skirt Navy (MG019),SPCL,0.0,0.0,0.2477010051444948
2025-08-01,Mags Uniform Y13 Skirt Navy (MG019),SPCL,0.0,0.0,0.25572789981018756
2025-09-01,Mags Uniform Y13 Skirt Navy (MG019),SPCL,0.0,0.0,0.25634264336487694
2025-10-01,Mags Uniform Y13 Skirt Navy (MG019),SPCL,0.02025881319271161,0.0,0.28747252038035
2025-11-01,Mags Uniform Y13 Skirt Navy (MG019),SPCL,0.055603909642526816,0.0,0.32893335802503965
2025-06-01,Mags Uniform Yr13 Blouse SS Blue/Navy (MG015),10,6.222372227059803,0.0,17.657404143602083
2025-07-01,Mags Uniform Yr13 Blouse SS Blue/Navy (MG015),10,5.2786953228806635,0.0,16.20360352464663
2025-08-01,Mags Uniform Yr13 Blouse SS Blue/Navy (MG015),10,5.936631010464935,0.0,17.023501700304656
2025-09-01,Mags Uniform Yr13 Blouse SS Blue/Navy (MG015),10,5.391267034638037,0.0,16.40800333733999
2025-10-01,Mags Uniform Yr13 Blouse SS Blue/Navy (MG015),10,12.824689488807381,1.3306034666501718,24.04122447029154
2025-11-01,Mags Uniform Yr13 Blouse SS Blue/Navy (MG015),10,19.978973235977207,8.23315251256926,31.38768426701243
2025-06-01,Mags Uniform Yr13 Blouse SS Blue/Navy (MG015),12,7.1228002083433095,0.0,18.05639115326497
2025-07-01,Mags Uniform Yr13 Blouse SS Blue/Navy (MG015),12,5.7488743875066595,0.0,16.735728058008227
2025-08-01,Mags Uniform Yr13 Blouse SS Blue/Navy (MG015),12,5.286985967091675,0.0,16.217120544835844
2025-09-01,Mags Uniform Yr13 Blouse SS Blue/Navy (MG015),12,5.224026003486254,0.0,16.070050388068495
2025-10-01,Mags Uniform Yr13 Blouse SS Blue/Navy (MG015),12,13.594754289534283,3.056043197922479,24.596067864154524
2025-11-01,Mags Uniform Yr13 Blouse SS Blue/Navy (MG015),12,28.370555399768342,17.73303090292398,39.03230038908421
2025-06-01,Mags Uniform Yr13 Blouse SS Blue/Navy (MG015),14,4.18237512769847,0.0,9.676288062472683
2025-07-01,Mags Uniform Yr13 Blouse SS Blue/Navy (MG015),14,4.32248366225893,0.0,10.23321106342551
2025-08-01,Mags Uniform Yr13 Blouse SS Blue/Navy (MG015),14,3.4363495089980924,0.0,9.138582226990538
2025-09-01,Mags Uniform Yr13 Blouse SS Blue/Navy (MG015),14,3.3072485825043607,0.0,9.26649479847846
2025-10-01,Mags Uniform Yr13 Blouse SS Blue/Navy (MG015),14,6.8194649317743075,1.0574718196105928,12.858440931805209
2025-11-01,Mags Uniform Yr13 Blouse SS Blue/Navy (MG015),14,14.411040695253536,8.645251483544392,20.661768274733344
2025-06-01,Mags Uniform Yr13 Blouse SS Blue/Navy (MG015),16,2.8848033412399756,0.0,6.928841350478213
2025-07-01,Mags Uniform Yr13 Blouse SS Blue/Navy (MG015),16,2.6773596131522575,0.0,6.6220656843935135
2025-08-01,Mags Uniform Yr13 Blouse SS Blue/Navy (MG015),16,2.504708499755088,0.0,6.488418987767867
2025-09-01,Mags Uniform Yr13 Blouse SS Blue/Navy (MG015),16,2.4188160052465313,0.0,6.447063894106813
2025-10-01,Mags Uniform Yr13 Blouse SS Blue/Navy (MG015),16,4.140820361276045,0.0,7.965378356967597
2025-11-01,Mags Uniform Yr13 Blouse SS Blue/Navy (MG015),16,8.186450373762646,4.024493555821366,12.765892941743664
2025-06-01,Mags Uniform Yr13 Blouse SS Blue/Navy (MG015),18,2.010038263437157,0.0,4.553198701758803
2025-07-01,Mags Uniform Yr13 Blouse SS Blue/Navy (MG015),18,1.8608250629970797,0.0,4.242301284410924
2025-08-01,Mags Uniform Yr13 Blouse SS Blue/Navy (MG015),18,1.7084149084624771,0.0,4.129587300742442
2025-09-01,Mags Uniform Yr13 Blouse SS Blue/Navy (MG015),18,1.6000557596649685,0.0,3.972957712619233
2025-10-01,Mags Uniform Yr13 Blouse SS Blue/Navy (MG015),18,3.8134363114733074,1.2886526067222157,6.213739864267666
2025-11-01,Mags Uniform Yr13 Blouse SS Blue/Navy (MG015),18,3.2375363027781496,0.7939137447733159,5.750461540647987
2025-06-01,Mags Uniform Yr13 Blouse SS Blue/Navy (MG015),20,0.032459552592099206,0.0,1.1645655130956019
2025-07-01,Mags Uniform Yr13 Blouse SS Blue/Navy (MG015),20,0.005416306603258869,0.0,1.1303819771734633
2025-08-01,Mags Uniform Yr13 Blouse SS Blue/Navy (MG015),20,0.05855694320079774,0.0,1.2100575316549744
2025-09-01,Mags Uniform Yr13 Blouse SS Blue/Navy (MG015),20,0.17109514010056193,0.0,1.3251964084990646
2025-10-01,Mags Uniform Yr13 Blouse SS Blue/Navy (MG015),20,0.3205555165695215,0.0,1.5048649343800884
2025-11-01,Mags Uniform Yr13 Blouse SS Blue/Navy (MG015),20,0.47496642488617136,0.0,1.6680060099422072
2025-06-01,Mags Uniform Yr13 Blouse SS Blue/Navy (MG015),22,0.22546344909395866,0.0,0.8130143809932452
2025-07-01,Mags Uniform Yr13 Blouse SS Blue/Navy (MG015),22,0.23656970070822403,0.0,0.7863967314204982
2025-08-01,Mags Uniform Yr13 Blouse SS Blue/Navy (MG015),22,0.2556831688137153,0.0,0.873760425003701
2025-09-01,Mags Uniform Yr13 Blouse SS Blue/Navy (MG015),22,0.28161672059878284,0.0,0.886677931358922
2025-10-01,Mags Uniform Yr13 Blouse SS Blue/Navy (MG015),22,0.3039248313937485,0.0,0.949153816549451
2025-11-01,Mags Uniform Yr13 Blouse SS Blue/Navy (MG015),22,0.3198037333458148,0.0,0.8835318026438044
2025-06-01,Mags Uniform Yr13 Blouse SS Blue/Navy (MG015),24,0.2239837067837712,0.0,0.7574374987999639
2025-07-01,Mags Uniform Yr13 Blouse SS Blue/Navy (MG015),24,0.20861945519841624,0.0,0.6848126078711153
2025-08-01,Mags Uniform Yr13 Blouse SS Blue/Navy (MG015),24,0.2078310564888537,0.0,0.7569582595822021
2025-09-01,Mags Uniform Yr13 Blouse SS Blue/Navy (MG015),24,0.22261012930291613,0.0,0.7333725068602025
2025-10-01,Mags Uniform Yr13 Blouse SS Blue/Navy (MG015),24,0.2477679259688091,0.0,0.7490913919384123
2025-11-01,Mags Uniform Yr13 Blouse SS Blue/Navy (MG015),24,0.27920782274755857,0.0,0.7588327396508096
2025-06-01,Mags Uniform Yr13 Blouse SS Blue/Navy (MG015),26,0.0023053776883803292,0.0,0.12838125179726542
2025-07-01,Mags Uniform Yr13 Blouse SS Blue/Navy (MG015),26,0.0005290954366098527,0.0,0.12972470668600353
2025-08-01,Mags Uniform Yr13 Blouse SS Blue/Navy (MG015),26,0.0067309926954579186,0.0,0.13573434684162056
2025-09-01,Mags Uniform Yr13 Blouse SS Blue/Navy (MG015),26,0.018695489074689334,0.0,0.14927779284618675
2025-10-01,Mags Uniform Yr13 Blouse SS Blue/Navy (MG015),26,0.03393602797629795,0.0,0.16145437167751114
2025-11-01,Mags Uniform Yr13 Blouse SS Blue/Navy (MG015),26,0.049156812583365364,0.0,0.1712548300966432
2025-06-01,Mags Uniform Yr13 Blouse SS Blue/Navy (MG015),28,0.09274981604195998,0.0,0.27192307668752064
2025-07-01,Mags Uniform Yr13 Blouse SS Blue/Navy (MG015),28,0.05506648016424731,0.0,0.2180147644981333
2025-08-01,Mags Uniform Yr13 Blouse SS Blue/Navy (MG015),28,0.021208347150804746,0.0,0.20658572850553367
2025-09-01,Mags Uniform Yr13 Blouse SS Blue/Navy (MG015),28,0.0,0.0,0.17165784369831774
2025-10-01,Mags Uniform Yr13 Blouse SS Blue/Navy (MG015),28,1.1191009055628784,0.938570529962164,1.3001996577609325
2025-11-01,Mags Uniform Yr13 Blouse SS Blue/Navy (MG015),28,0.0,0.0,0.13974440191588677
2025-06-01,Mags Uniform Yr13 Blouse SS Blue/Navy (MG015),30,0.0,0.0,0.34687228493927297
2025-07-01,Mags Uniform Yr13 Blouse SS Blue/Navy (MG015),30,0.0,0.0,0.2908221934044426
2025-08-01,Mags Uniform Yr13 Blouse SS Blue/Navy (MG015),30,0.0,0.0,0.3137205990430173
2025-09-01,Mags Uniform Yr13 Blouse SS Blue/Navy (MG015),30,0.0,0.0,0.30526213922012024
2025-10-01,Mags Uniform Yr13 Blouse SS Blue/Navy (MG015),30,0.0,0.0,0.35640249098067467
2025-11-01,Mags Uniform Yr13 Blouse SS Blue/Navy (MG015),30,0.026798801688912022,0.0,0.4984206489766877
2025-06-01,Mags Uniform Yr13 Blouse SS Blue/Navy (MG015),6,1.0002797984017704,0.0,3.4973535267767257
2025-07-01,Mags Uniform Yr13 Blouse SS Blue/Navy (MG015),6,0.9831955129265507,0.0,3.336041218215125
2025-08-01,Mags Uniform Yr13 Blouse SS Blue/Navy (MG015),6,1.0336122617287478,0.0,3.626866525789193
2025-09-01,Mags Uniform Yr13 Blouse SS Blue/Navy (MG015),6,1.1455977727606372,0.0,3.674951545492842
2025-10-01,Mags Uniform Yr13 Blouse SS Blue/Navy (MG015),6,1.2851960794487962,0.0,3.7718771809853995
2025-11-01,Mags Uniform Yr13 Blouse SS Blue/Navy (MG015),6,2.5524435153807445,0.08783870318941109,5.342145975088791
2025-06-01,Mags Uniform Yr13 Blouse SS Blue/Navy (MG015),8,4.435554065855422,0.0,10.830123421411276
2025-07-01,Mags Uniform Yr13 Blouse SS Blue/Navy (MG015),8,4.128186768793384,0.0,10.542786963626808
2025-08-01,Mags Uniform Yr13 Blouse SS Blue/Navy (MG015),8,3.8592773044700084,0.0,10.043934059826004
2025-09-01,Mags Uniform Yr13 Blouse SS Blue/Navy (MG015),8,3.7091827862514384,0.0,9.860102845929214
2025-10-01,Mags Uniform Yr13 Blouse SS Blue/Navy (MG015),8,5.419695441988493,0.0,11.563808697124584
2025-11-01,Mags Uniform Yr13 Blouse SS Blue/Navy (MG015),8,13.42746139687003,7.184007611343927,19.844883441202597
2025-06-01,Mags Uniform Yr13 Polo White (MG013),2XL,1.4576213750294365,0.0,5.975501932367563
2025-07-01,Mags Uniform Yr13 Polo White (MG013),2XL,1.2284511078324933,0.0,5.762727481694174
2025-08-01,Mags Uniform Yr13 Polo White (MG013),2XL,1.2211390459752938,0.0,5.724852588076172
2025-09-01,Mags Uniform Yr13 Polo White (MG013),2XL,1.413917295049575,0.0,5.800865190129435
2025-10-01,Mags Uniform Yr13 Polo White (MG013),2XL,5.1853154695021875,0.8143254280729968,9.585867915452578
2025-11-01,Mags Uniform Yr13 Polo White (MG013),2XL,3.874685663092807,0.0,8.2523579716053
2025-06-01,Mags Uniform Yr13 Polo White (MG013),3XL,1.6389963557198552,0.18145737612595317,3.29641318167992
2025-07-01,Mags Uniform Yr13 Polo White (MG013),3XL,1.6150482175872938,0.0,3.2313224688450477
2025-08-01,Mags Uniform Yr13 Polo White (MG013),3XL,1.5403894555384328,0.0,3.1940172515337593
2025-09-01,Mags Uniform Yr13 Polo White (MG013),3XL,1.4558768547369678,0.0,3.0056640902572767
2025-10-01,Mags Uniform Yr13 Polo White (MG013),3XL,1.3626247868883896,0.0,2.902768800814065
2025-11-01,Mags Uniform Yr13 Polo White (MG013),3XL,2.41532790906002,0.7974975491555174,4.104295905393354
2025-06-01,Mags Uniform Yr13 Polo White (MG013),4XL,0.5327828261569314,0.0,1.1918061597083598
2025-07-01,Mags Uniform Yr13 Polo White (MG013),4XL,0.5319059411739255,0.0,1.2016832976777774
2025-08-01,Mags Uniform Yr13 Polo White (MG013),4XL,0.5024201718131024,0.0,1.1546155095793174
2025-09-01,Mags Uniform Yr13 Polo White (MG013),4XL,0.46133101910693525,0.0,1.1104483853257432
2025-10-01,Mags Uniform Yr13 Polo White (MG013),4XL,0.40890197828281666,0.0,1.0600544602516753
2025-11-01,Mags Uniform Yr13 Polo White (MG013),4XL,0.3602702820497604,0.0,1.0211149005886724
2025-06-01,Mags Uniform Yr13 Polo White (MG013),5XL,0.22248294430950744,0.0,0.763277961571654
2025-07-01,Mags Uniform Yr13 Polo White (MG013),5XL,0.2338640382132876,0.0,0.7710865785967385
2025-08-01,Mags Uniform Yr13 Polo White (MG013),5XL,0.2537479053433632,0.0,0.7868724814820476
2025-09-01,Mags Uniform Yr13 Polo White (MG013),5XL,0.2804584705618228,0.0,0.8109797406442728
2025-10-01,Mags Uniform Yr13 Polo White (MG013),5XL,0.3031483058409917,0.0,0.8283359139226143
2025-11-01,Mags Uniform Yr13 Polo White (MG013),5XL,0.3184225465139341,0.0,0.8487113212447635
2025-06-01,Mags Uniform Yr13 Polo White (MG013),6XL,0.31913584647092086,0.0,0.7291914204287834
2025-07-01,Mags Uniform Yr13 Polo White (MG013),6XL,0.31896081861562614,0.0,0.7003183575375628
2025-08-01,Mags Uniform Yr13 Polo White (MG013),6XL,0.30003776852939534,0.0,0.6787020390541131
2025-09-01,Mags Uniform Yr13 Polo White (MG013),6XL,0.2730071618807363,0.0,0.6642805187519983
2025-10-01,Mags Uniform Yr13 Polo White (MG013),6XL,0.23852506751268104,0.0,0.6328629783134354
2025-11-01,Mags Uniform Yr13 Polo White (MG013),6XL,0.20632372039731253,0.0,0.582287001717164
2025-06-01,Mags Uniform Yr13 Polo White (MG013),L,15.35308103510856,0.0,36.37618269171645
2025-07-01,Mags Uniform Yr13 Polo White (MG013),L,16.560529905438557,0.0,37.7674230185764
2025-08-01,Mags Uniform Yr13 Polo White (MG013),L,13.864719753183751,0.0,32.43483096372161
2025-09-01,Mags Uniform Yr13 Polo White (MG013),L,13.313834438303992,0.0,32.79850044171762
2025-10-01,Mags Uniform Yr13 Polo White (MG013),L,22.87298040414603,2.725134304029082,43.68617702838938
2025-11-01,Mags Uniform Yr13 Polo White (MG013),L,33.33006355788571,13.876735314070284,56.13739856843273
2025-06-01,Mags Uniform Yr13 Polo White (MG013),M,18.52216591686699,0.0,41.896272141576574
2025-07-01,Mags Uniform Yr13 Polo White (MG013),M,16.660932201485327,0.0,40.560763108927496
2025-08-01,Mags Uniform Yr13 Polo White (MG013),M,16.432678626666544,0.0,38.89727942033829
2025-09-01,Mags Uniform Yr13 Polo White (MG013),M,14.270443008453375,0.0,37.23358601750946
2025-10-01,Mags Uniform Yr13 Polo White (MG013),M,28.500971372017162,6.118598453766609,52.438464518565716
2025-11-01,Mags Uniform Yr13 Polo White (MG013),M,38.58986732366924,17.527776575444488,60.322308945273
2025-06-01,Mags Uniform Yr13 Polo White (MG013),S,8.32871672704428,0.0,18.26235084420514
2025-07-01,Mags Uniform Yr13 Polo White (MG013),S,8.093549157855772,0.0,17.802198487773808
2025-08-01,Mags Uniform Yr13 Polo White (MG013),S,7.6754664278702345,0.0,17.349952894411743
2025-09-01,Mags Uniform Yr13 Polo White (MG013),S,7.277490996468044,0.0,17.394618671177064
2025-10-01,Mags Uniform Yr13 Polo White (MG013),S,8.601780633474005,0.0,18.50994499103817
2025-11-01,Mags Uniform Yr13 Polo White (MG013),S,10.038704678284406,0.0,20.45245104923579
2025-06-01,Mags Uniform Yr13 Polo White (MG013),XL,6.71807558152115,0.0,19.21346042763003
2025-07-01,Mags Uniform Yr13 Polo White (MG013),XL,6.209719427909872,0.0,17.4007749810136
2025-08-01,Mags Uniform Yr13 Polo White (MG013),XL,5.956628389598004,0.0,16.890511731621945
2025-09-01,Mags Uniform Yr13 Polo White (MG013),XL,6.0358435762700555,0.0,17.84451365614925
2025-10-01,Mags Uniform Yr13 Polo White (MG013),XL,12.637641893383897,1.4216789901751832,24.186070624333492
2025-11-01,Mags Uniform Yr13 Polo White (MG013),XL,14.82135357545513,3.1950819466838696,27.268698097501268
2025-06-01,Mags Uniform Yr13 Polo White (MG013),XS,2.188540648300952,0.0,4.469962547570328
2025-07-01,Mags Uniform Yr13 Polo White (MG013),XS,2.0778692510523733,0.0,4.390325432013147
2025-08-01,Mags Uniform Yr13 Polo White (MG013),XS,1.9174379637733927,0.0,4.3083620866252
2025-09-01,Mags Uniform Yr13 Polo White (MG013),XS,1.7651002909430715,0.0,3.9554284683210343
2025-10-01,Mags Uniform Yr13 Polo White (MG013),XS,1.652620931413312,0.0,3.7926020036524815
2025-11-01,Mags Uniform Yr13 Polo White (MG013),XS,5.548450145021908,3.0755425674480636,7.997105673564269
2025-06-01,WHHS Bucket Hats,L/XL,0.0,0.0,1.6749443343586772
2025-07-01,WHHS Bucket Hats,L/XL,0.0,0.0,1.4318031783672205
2025-08-01,WHHS Bucket Hats,L/XL,0.0,0.0,1.4307058601617164
2025-09-01,WHHS Bucket Hats,L/XL,0.0,0.0,1.4465108934674051
2025-10-01,WHHS Bucket Hats,L/XL,0.0,0.0,1.366988393558177
2025-11-01,WHHS Bucket Hats,L/XL,0.0,0.0,3.8939828209538323
2025-06-01,WHHS Bucket Hats,M/L,0.0,0.0,0.9407431975303742
2025-07-01,WHHS Bucket Hats,M/L,0.0,0.0,1.299795683849843
2025-08-01,WHHS Bucket Hats,M/L,0.0,0.0,0.50547160035983
2025-09-01,WHHS Bucket Hats,M/L,0.0,0.0,0.43988668119223456
2025-10-01,WHHS Bucket Hats,M/L,0.0,0.0,0.8776602915451266
2025-11-01,WHHS Bucket Hats,M/L,1.9388687024455247,0.0,4.306183122083977
2025-06-01,WHHS Caps,0,0.0,0.0,3.7271333746396453
2025-07-01,WHHS Caps,0,0.0,0.0,2.322631526768774
2025-08-01,WHHS Caps,0,0.0,0.0,1.9769044694283315
2025-09-01,WHHS Caps,0,0.0,0.0,2.271190554295624
2025-10-01,WHHS Caps,0,0.0,0.0,3.9582713948358146
2025-11-01,WHHS Caps,0,2.3923920264363283,0.0,6.396738013319972
2025-06-01,WHHS Contrast Jacket,12,0.020669683392581337,0.0,0.39639407741943977
2025-07-01,WHHS Contrast Jacket,12,0.038668262720383054,0.0,0.3732675283446736
2025-08-01,WHHS Contrast Jacket,12,0.0525390802684792,0.0,0.4220369640335655
2025-09-01,WHHS Contrast Jacket,12,0.0604327547935485,0.0,0.41755800475351684
2025-10-01,WHHS Contrast Jacket,12,0.05954560389018116,0.0,0.41377201211710746
2025-11-01,WHHS Contrast Jacket,12,0.05027348671437368,0.0,0.3929811932355299
2025-06-01,WHHS Contrast Jacket,14,1.0587989889542073,0.0,2.769646207934729
2025-07-01,WHHS Contrast Jacket,14,0.7748988220115662,0.0,2.4634337873837024
2025-08-01,WHHS Contrast Jacket,14,0.26292003067822667,0.0,2.0123615842231413
2025-09-01,WHHS Contrast Jacket,14,0.35407222620471357,0.0,2.013836593749842
2025-10-01,WHHS Contrast Jacket,14,0.46004271000643104,0.0,2.250752085805657
2025-11-01,WHHS Contrast Jacket,14,0.5592638463755182,0.0,2.2732326568533416
2025-06-01,WHHS Contrast Jacket,16,4.301208015119092,0.0,8.708795914287267
2025-07-01,WHHS Contrast Jacket,16,2.799703953938963,0.0,7.125283124700494
2025-08-01,WHHS Contrast Jacket,16,1.4453720542517363,0.0,5.887239589425086
2025-09-01,WHHS Contrast Jacket,16,0.6939191400349332,0.0,5.162112260959639
2025-10-01,WHHS Contrast Jacket,16,0.2085559048526484,0.0,4.596955893387669
2025-11-01,WHHS Contrast Jacket,16,2.3726918385669,0.0,6.606646433816231
2025-06-01,WHHS Contrast Jacket,2XL,2.179615497081778,0.0,5.319331789663443
2025-07-01,WHHS Contrast Jacket,2XL,0.0,0.0,2.103636634145683
2025-08-01,WHHS Contrast Jacket,2XL,0.0,0.0,2.0205034628372966
2025-09-01,WHHS Contrast Jacket,2XL,0.0,0.0,1.2998233616981456
2025-10-01,WHHS Contrast Jacket,2XL,0.0,0.0,1.7634389869208855
2025-11-01,WHHS Contrast Jacket,2XL,0.0,0.0,1.4427026832116068
2025-06-01,WHHS Contrast Jacket,3XL,0.7846585386039752,0.0,2.7085658957885443
2025-07-01,WHHS Contrast Jacket,3XL,0.0,0.0,0.9609861266077173
2025-08-01,WHHS Contrast Jacket,3XL,0.0,0.0,0.7144339778752681
2025-09-01,WHHS Contrast Jacket,3XL,0.0,0.0,1.0220315474035322
2025-10-01,WHHS Contrast Jacket,3XL,0.0,0.0,0.7759746673958507
2025-11-01,WHHS Contrast Jacket,3XL,0.0,0.0,0.8063342061440154
2025-06-01,WHHS Contrast Jacket,4XL,0.0,0.0,1.2455905111608272
2025-07-01,WHHS Contrast Jacket,4XL,0.0,0.0,1.0834035542131246
2025-08-01,WHHS Contrast Jacket,4XL,0.0,0.0,0.9703879871757343
2025-09-01,WHHS Contrast Jacket,4XL,0.0,0.0,0.6782781312831713
2025-10-01,WHHS Contrast Jacket,4XL,0.0,0.0,0.6155618182458191
2025-11-01,WHHS Contrast Jacket,4XL,0.0,0.0,0.6789802892551747
2025-06-01,WHHS Contrast Jacket,5XL,0.0,0.0,0.32956905647508855
2025-07-01,WHHS Contrast Jacket,5XL,0.0,0.0,0.3539919082074664
2025-08-01,WHHS Contrast Jacket,5XL,0.3772627142573616,0.0,1.055608041144313
2025-09-01,WHHS Contrast Jacket,5XL,0.0,0.0,0.30954538109917096
2025-10-01,WHHS Contrast Jacket,5XL,0.0,0.0,0.27392920423144784
2025-11-01,WHHS Contrast Jacket,5XL,0.0,0.0,0.3393356831724209
2025-06-01,WHHS Contrast Jacket,6XL,0.0409699709188405,0.0,0.6547530284549501
2025-07-01,WHHS Contrast Jacket,6XL,0.003452093987395072,0.0,0.6574111923217768
2025-08-01,WHHS Contrast Jacket,6XL,0.11181874282177193,0.0,0.8207794239283588
2025-09-01,WHHS Contrast Jacket,6XL,0.0,0.0,0.5644457602870148
2025-10-01,WHHS Contrast Jacket,6XL,0.0,0.0,0.5767000834072502
2025-11-01,WHHS Contrast Jacket,6XL,0.0,0.0,0.5673145916272894
2025-06-01,WHHS Contrast Jacket,7XL,0.0,0.0,0.14222369872352505
2025-07-01,WHHS Contrast Jacket,7XL,0.38976416785794343,0.2216899042014182,0.5737665314794826
2025-08-01,WHHS Contrast Jacket,7XL,0.0,0.0,0.14743240670700022
2025-09-01,WHHS Contrast Jacket,7XL,0.0,0.0,0.13146553100407551
2025-10-01,WHHS Contrast Jacket,7XL,0.0,0.0,0.11223482294940722
2025-11-01,WHHS Contrast Jacket,7XL,0.0,0.0,0.09899170330939666
2025-06-01,WHHS Contrast Jacket,L,2.935792064932671,0.0,9.669844220253678
2025-07-01,WHHS Contrast Jacket,L,1.3175763769651527,0.0,8.457053814455238
2025-08-01,WHHS Contrast Jacket,L,1.5085080326762865,0.0,8.437066853470823
2025-09-01,WHHS Contrast Jacket,L,0.0,0.0,6.18793968395512
2025-10-01,WHHS Contrast Jacket,L,0.0,0.0,5.1014626510173064
2025-11-01,WHHS Contrast Jacket,L,0.0,0.0,5.3026876736252415
2025-06-01,WHHS Contrast Jacket,M,4.89278368920871,0.0,13.831213800105715
2025-07-01,WHHS Contrast Jacket,M,1.6974885507756925,0.0,10.70248237124578
2025-08-01,WHHS Contrast Jacket,M,0.6627735511826582,0.0,9.991400588236106
2025-09-01,WHHS Contrast Jacket,M,0.0,0.0,6.360105519399858
2025-10-01,WHHS Contrast Jacket,M,0.0,0.0,6.583019937080226
2025-11-01,WHHS Contrast Jacket,M,1.5286635687424814,0.0,10.071256352785738
2025-06-01,WHHS Contrast Jacket,S,7.353672703167322,0.0,14.87106848638819
2025-07-01,WHHS Contrast Jacket,S,5.0235898704078705,0.0,13.451809976936987
2025-08-01,WHHS Contrast Jacket,S,2.9512769604631517,0.0,11.205734237364732
2025-09-01,WHHS Contrast Jacket,S,3.168488849509316,0.0,11.146396012579022
2025-10-01,WHHS Contrast Jacket,S,1.7643184746134963,0.0,10.207823439347042
2025-11-01,WHHS Contrast Jacket,S,3.3358274644423345,0.0,11.14030413113708
2025-06-01,WHHS Contrast Jacket,XL,1.2369912399994742,0.0,6.778095144892763
2025-07-01,WHHS Contrast Jacket,XL,0.0,0.0,3.3636303199658593
2025-08-01,WHHS Contrast Jacket,XL,0.0,0.0,4.568844466028541
2025-09-01,WHHS Contrast Jacket,XL,0.0,0.0,2.8247483709311854
2025-10-01,WHHS Contrast Jacket,XL,0.0,0.0,2.6374652446336184
2025-11-01,WHHS Contrast Jacket,XL,0.0,0.0,3.998182939391269
2025-06-01,WHHS Height Scarf,ONE SIZE,12.189409106414184,7.346726239927428,16.98532506105114
2025-07-01,WHHS Height Scarf,ONE SIZE,19.546367304655025,14.88076042101847,24.570631194689717
2025-08-01,WHHS Height Scarf,ONE SIZE,11.93539371082839,6.931314354339083,16.96319717452134
2025-09-01,WHHS Height Scarf,ONE SIZE,6.154348001042988,1.605216269711237,11.249125154473731
2025-10-01,WHHS Height Scarf,ONE SIZE,5.283398841359859,0.0,10.122226981917501
2025-11-01,WHHS Height Scarf,ONE SIZE,3.847298089358146,0.0,8.52390598636389
2025-06-01,WHHS JNR Boys Shorts,100,0.0,0.0,0.6731797655876596
2025-07-01,WHHS JNR Boys Shorts,100,0.0,0.0,0.07834335371145174
2025-08-01,WHHS JNR Boys Shorts,100,0.0,0.0,1.1629430250207733
2025-09-01,WHHS JNR Boys Shorts,100,0.0,0.0,0.271466733587774
2025-10-01,WHHS JNR Boys Shorts,100,0.0,0.0,0.37768594537326616
2025-11-01,WHHS JNR Boys Shorts,100,0.0,0.0,0.7171451077579559
2025-06-01,WHHS JNR Boys Shorts,104,1.2871637580064017,0.34812451243723214,2.1599310551496607
2025-07-01,WHHS JNR Boys Shorts,104,0.0,0.0,0.21652317910720367
2025-08-01,WHHS JNR Boys Shorts,104,0.0,0.0,0.31902265308035355
2025-09-01,WHHS JNR Boys Shorts,104,0.2723699893328505,0.0,1.1777897119843364
2025-10-01,WHHS JNR Boys Shorts,104,0.0,0.0,0.3676698199750088
2025-11-01,WHHS JNR Boys Shorts,104,0.0,0.0,0.45793145788538603
2025-06-01,WHHS JNR Boys Shorts,108,0.07175610495120488,0.0,1.0813152359772211
2025-07-01,WHHS JNR Boys Shorts,108,0.09342077166317997,0.0,1.1291017098695546
2025-08-01,WHHS JNR Boys Shorts,108,0.05588078795632967,0.0,1.0088264641790328
2025-09-01,WHHS JNR Boys Shorts,108,0.12496254441780244,0.0,1.1465260987175152
2025-10-01,WHHS JNR Boys Shorts,108,0.0,0.0,0.7834036394492667
2025-11-01,WHHS JNR Boys Shorts,108,0.0,0.0,0.7321298978651071
2025-06-01,WHHS JNR Boys Shorts,112,0.1009711187234715,0.0,0.5716730260988627
2025-07-01,WHHS JNR Boys Shorts,112,0.12546095903961185,0.0,0.586159056386779
2025-08-01,WHHS JNR Boys Shorts,112,0.13159065279336904,0.0,0.6095719256651192
2025-09-01,WHHS JNR Boys Shorts,112,0.12152117548071426,0.0,0.6151600536901846
2025-10-01,WHHS JNR Boys Shorts,112,0.38380459444803117,0.0,0.864790799507915
2025-11-01,WHHS JNR Boys Shorts,112,0.06299834992588457,0.0,0.5261860986155983
2025-06-01,WHHS JNR Boys Shorts,116,0.0,0.0,0.4584103302737757
2025-07-01,WHHS JNR Boys Shorts,116,0.023358124405265357,0.0,0.7597564489265283
2025-08-01,WHHS JNR Boys Shorts,116,0.027885046435960292,0.0,0.7504071725829253
2025-09-01,WHHS JNR Boys Shorts,116,0.0,0.0,0.4838689197811609
2025-10-01,WHHS JNR Boys Shorts,116,0.0,0.0,0.4095788123591088
2025-11-01,WHHS JNR Boys Shorts,116,0.0,0.0,0.2702369057279572
2025-06-01,WHHS JNR Boys Shorts,120,0.0,0.0,0.3859990214884467
2025-07-01,WHHS JNR Boys Shorts,120,0.0,0.0,0.3838029521726874
2025-08-01,WHHS JNR Boys Shorts,120,0.0,0.0,0.3840904025930743
2025-09-01,WHHS JNR Boys Shorts,120,0.0,0.0,0.43839964422026056
2025-10-01,WHHS JNR Boys Shorts,120,0.0,0.0,0.47769010770990317
2025-11-01,WHHS JNR Boys Shorts,120,0.0,0.0,0.46342462624132025
2025-06-01,WHHS JNR Boys Shorts,124,0.2401156470405849,0.0,0.66199098910313
2025-07-01,WHHS JNR Boys Shorts,124,0.22931203137771927,0.0,0.6256119252490694
2025-08-01,WHHS JNR Boys Shorts,124,0.19548694964044266,0.0,0.6134048706996552
2025-09-01,WHHS JNR Boys Shorts,124,0.15142512517181075,0.0,0.5939137922432755
2025-10-01,WHHS JNR Boys Shorts,124,0.10375777800027036,0.0,0.5184177117950514
2025-11-01,WHHS JNR Boys Shorts,124,0.06439413100949588,0.0,0.49143686341969284
2025-06-01,WHHS JNR Boys Shorts,128,0.0,0.0,0.006343426407410219
2025-07-01,WHHS JNR Boys Shorts,128,0.0,0.0,0.012155581070543747
2025-08-01,WHHS JNR Boys Shorts,128,0.0,0.0,0.017273149886764264
2025-09-01,WHHS JNR Boys Shorts,128,0.0,0.0,0.036819020040434344
2025-10-01,WHHS JNR Boys Shorts,128,0.0,0.0,0.050286272950641746
2025-11-01,WHHS JNR Boys Shorts,128,0.0,0.0,0.05710508598274879
2025-06-01,WHHS JNR Boys Shorts,64,0.0,0.0,0.8504559650573895
2025-07-01,WHHS JNR Boys Shorts,64,0.0,0.0,0.8101025651004805
2025-08-01,WHHS JNR Boys Shorts,64,0.0,0.0,0.7102340381906249
2025-09-01,WHHS JNR Boys Shorts,64,0.0,0.0,0.6485535738883161
2025-10-01,WHHS JNR Boys Shorts,64,0.0,0.0,0.5754164747039731
2025-11-01,WHHS JNR Boys Shorts,64,0.0,0.0,0.5927488602352737
2025-06-01,WHHS JNR Boys Shorts,68,0.4348695444644475,0.0,2.221967727746584
2025-07-01,WHHS JNR Boys Shorts,68,0.605823488697318,0.0,2.415303448267283
2025-08-01,WHHS JNR Boys Shorts,68,0.582407811391408,0.0,2.3566300656094885
2025-09-01,WHHS JNR Boys Shorts,68,0.7689865529259663,0.0,2.6302721909735736
2025-10-01,WHHS JNR Boys Shorts,68,0.966317488441,0.0,2.6663603488334684
2025-11-01,WHHS JNR Boys Shorts,68,1.432151613703125,0.0,3.13710372399638
2025-06-01,WHHS JNR Boys Shorts,72,0.222174362150802,0.0,1.3549027405468053
2025-07-01,WHHS JNR Boys Shorts,72,0.020505229804045566,0.0,1.1915524352465878
2025-08-01,WHHS JNR Boys Shorts,72,0.5429997936169605,0.0,1.8229500804318413
2025-09-01,WHHS JNR Boys Shorts,72,0.0,0.0,1.1282936049206167
2025-10-01,WHHS JNR Boys Shorts,72,0.19929950831721366,0.0,1.4995049406856011
2025-11-01,WHHS JNR Boys Shorts,72,0.0,0.0,1.0926673802528586
2025-06-01,WHHS JNR Boys Shorts,76,0.0,0.0,1.7379323367979476
2025-07-01,WHHS JNR Boys Shorts,76,0.0,0.0,1.214289100371546
2025-08-01,WHHS JNR Boys Shorts,76,0.04669933245149238,0.0,1.9541005509187959
2025-09-01,WHHS JNR Boys Shorts,76,0.0,0.0,1.5585400488322096
2025-10-01,WHHS JNR Boys Shorts,76,0.6000790484424041,0.0,2.4428117108906324
2025-11-01,WHHS JNR Boys Shorts,76,0.6929914873870588,0.0,2.7007572492397314
2025-06-01,WHHS JNR Boys Shorts,80,1.5109032932128295,0.0,3.95860840028482
2025-07-01,WHHS JNR Boys Shorts,80,1.691652960950718,0.0,4.10473538703901
2025-08-01,WHHS JNR Boys Shorts,80,0.10626111890503376,0.0,2.4696950605900105
2025-09-01,WHHS JNR Boys Shorts,80,1.008709775908864,0.0,3.541536227876477
2025-10-01,WHHS JNR Boys Shorts,80,2.0035860829389827,0.0,4.690080956575603
2025-11-01,WHHS JNR Boys Shorts,80,4.148650035818262,1.4878287659812284,6.651575913563107
2025-06-01,WHHS JNR Boys Shorts,84,2.126424795930416,0.0,5.504568050318619
2025-07-01,WHHS JNR Boys Shorts,84,1.8963805063179833,0.0,4.881657219699778
2025-08-01,WHHS JNR Boys Shorts,84,2.3914308244028053,0.0,5.624209331184944
2025-09-01,WHHS JNR Boys Shorts,84,1.154808238263998,0.0,4.325427148708256
2025-10-01,WHHS JNR Boys Shorts,84,1.8455783882135084,0.0,4.986874907323567
2025-11-01,WHHS JNR Boys Shorts,84,2.364616912367002,0.0,5.415215297722854
2025-06-01,WHHS JNR Boys Shorts,88,0.38172826536846083,0.0,2.2109748413205046
2025-07-01,WHHS JNR Boys Shorts,88,0.39868833764980294,0.0,2.3338716275053213
2025-08-01,WHHS JNR Boys Shorts,88,1.8736256141908922,0.06043704979905637,3.5782211300673765
2025-09-01,WHHS JNR Boys Shorts,88,0.4239768700793123,0.0,2.352359773665899
2025-10-01,WHHS JNR Boys Shorts,88,0.3713755807489443,0.0,2.2699957773517854
2025-11-01,WHHS JNR Boys Shorts,88,0.0,0.0,1.4295659343190668
2025-06-01,WHHS JNR Boys Shorts,92,0.0008221763831985918,0.0,1.4235550385477842
2025-07-01,WHHS JNR Boys Shorts,92,0.0,0.0,1.131100253441587
2025-08-01,WHHS JNR Boys Shorts,92,0.0,0.0,0.7023714569704868
2025-09-01,WHHS JNR Boys Shorts,92,0.0,0.0,0.6343475647204828
2025-10-01,WHHS JNR Boys Shorts,92,0.0,0.0,0.3473039709219052
2025-11-01,WHHS JNR Boys Shorts,92,0.0,0.0,0.5969101480961322
2025-06-01,WHHS JNR Boys Shorts,96,0.0,0.0,1.155288005426173
2025-07-01,WHHS JNR Boys Shorts,96,0.49527511902291743,0.0,1.7500928549577577
2025-08-01,WHHS JNR Boys Shorts,96,0.0,0.0,0.7495321416471499
2025-09-01,WHHS JNR Boys Shorts,96,0.0,0.0,0.9727394446424353
2025-10-01,WHHS JNR Boys Shorts,96,0.0,0.0,0.9253603209312712
2025-11-01,WHHS JNR Boys Shorts,96,0.0,0.0,1.3015815568870848
2025-06-01,WHHS JNR Boys Trousers,100,0.0,0.0,0.21790842190804582
2025-07-01,WHHS JNR Boys Trousers,100,0.0,0.0,0.0
2025-08-01,WHHS JNR Boys Trousers,100,0.0,0.0,0.1983950750339217
2025-09-01,WHHS JNR Boys Trousers,100,0.0,0.0,0.2023117172856364
2025-10-01,WHHS JNR Boys Trousers,100,0.0,0.0,0.20827868617422637
2025-11-01,WHHS JNR Boys Trousers,100,0.0,0.0,0.2158698239114929
2025-06-01,WHHS JNR Boys Trousers,104,0.43677273005093326,0.031088328965911568,0.8380894520016531
2025-07-01,WHHS JNR Boys Trousers,104,0.0,0.0,0.2808735211409029
2025-08-01,WHHS JNR Boys Trousers,104,0.0,0.0,0.33027160349232937
2025-09-01,WHHS JNR Boys Trousers,104,0.0,0.0,0.36011242738526106
2025-10-01,WHHS JNR Boys Trousers,104,0.13387752688096763,0.0,0.5393990591834855
2025-11-01,WHHS JNR Boys Trousers,104,0.27230542597924223,0.0,0.6483369154664036
2025-06-01,WHHS JNR Boys Trousers,108,0.3246089743284264,0.0,1.0083860105230498
2025-07-01,WHHS JNR Boys Trousers,108,0.0,0.0,0.42144326367753493
2025-08-01,WHHS JNR Boys Trousers,108,0.0,0.0,0.3570743652620735
2025-09-01,WHHS JNR Boys Trousers,108,0.0,0.0,0.3222755929452872
2025-10-01,WHHS JNR Boys Trousers,108,0.0,0.0,0.38878634307805354
2025-11-01,WHHS JNR Boys Trousers,108,0.0,0.0,0.41730263362918774
2025-06-01,WHHS JNR Boys Trousers,112,0.0,0.0,0.19607236059673752
2025-07-01,WHHS JNR Boys Trousers,112,0.0,0.0,0.18875166960402853
2025-08-01,WHHS JNR Boys Trousers,112,0.0,0.0,0.19794678359138562
2025-09-01,WHHS JNR Boys Trousers,112,0.0,0.0,0.20450590368487415
2025-10-01,WHHS JNR Boys Trousers,112,0.0,0.0,0.19589581676413165
2025-11-01,WHHS JNR Boys Trousers,112,0.0,0.0,0.19747935197625238
2025-06-01,WHHS JNR Boys Trousers,116,0.029314519287454762,0.0,0.1575364823922898
2025-07-01,WHHS JNR Boys Trousers,116,0.015674222599213906,0.0,0.14519953513714098
2025-08-01,WHHS JNR Boys Trousers,116,0.0,0.0,0.12487918719030747
2025-09-01,WHHS JNR Boys Trousers,116,0.0,0.0,0.10849490220309589
2025-10-01,WHHS JNR Boys Trousers,116,0.0,0.0,0.10068885427184734
2025-11-01,WHHS JNR Boys Trousers,116,0.0,0.0,0.08993978206539623
2025-06-01,WHHS JNR Boys Trousers,120,0.22203875109358914,0.030282736708906004,0.4019183534398913
2025-07-01,WHHS JNR Boys Trousers,120,0.22413605107281961,0.028188535279655046,0.4055542374198019
2025-08-01,WHHS JNR Boys Trousers,120,0.06201522883489037,0.0,0.25370718604310805
2025-09-01,WHHS JNR Boys Trousers,120,0.036616588799594896,0.0,0.2370581951614654
2025-10-01,WHHS JNR Boys Trousers,120,0.005653481468830122,0.0,0.20504078331301856
2025-11-01,WHHS JNR Boys Trousers,120,0.0,0.0,0.1747655645940583
2025-06-01,WHHS JNR Boys Trousers,68,1.4680603038758355,0.6309513266164481,2.376493333715176
2025-07-01,WHHS JNR Boys Trousers,68,0.5816185213902876,0.0,1.4279042309198267
2025-08-01,WHHS JNR Boys Trousers,68,0.6850090102804806,0.0,1.6286158410575597
2025-09-01,WHHS JNR Boys Trousers,68,1.0637694442590215,0.16448756709307927,1.935369325725713
2025-10-01,WHHS JNR Boys Trousers,68,0.4430335447102165,0.0,1.2451577944749892
2025-11-01,WHHS JNR Boys Trousers,68,0.4150877721503057,0.0,1.2831287721918088
2025-06-01,WHHS JNR Boys Trousers,72,0.19909463150983508,0.0,1.3190422437028448
2025-07-01,WHHS JNR Boys Trousers,72,1.688219977358894,0.5082205461517738,2.87161512510309
2025-08-01,WHHS JNR Boys Trousers,72,1.3588315355451723,0.2007263886469897,2.5230572493292414
2025-09-01,WHHS JNR Boys Trousers,72,0.04344064349411836,0.0,1.1545419054755468
2025-10-01,WHHS JNR Boys Trousers,72,0.0,0.0,1.003594656031341
2025-11-01,WHHS JNR Boys Trousers,72,0.0,0.0,1.1029936916045602
2025-06-01,WHHS JNR Boys Trousers,76,4.609145840741537,3.1912067274380194,6.126057684390234
2025-07-01,WHHS JNR Boys Trousers,76,1.7962296987540303,0.4667266332393271,3.2310731785046567
2025-08-01,WHHS JNR Boys Trousers,76,0.6760124622079844,0.0,2.182760524994012
2025-09-01,WHHS JNR Boys Trousers,76,2.373652809475193,0.9438710332245988,3.8316308245692374
2025-10-01,WHHS JNR Boys Trousers,76,0.6452805577690106,0.0,2.0500030806382243
2025-11-01,WHHS JNR Boys Trousers,76,0.6438861104332436,0.0,2.0253817223980035
2025-06-01,WHHS JNR Boys Trousers,80,1.817388715143498,0.49905146392897703,3.144272818409577
2025-07-01,WHHS JNR Boys Trousers,80,0.7406291043242599,0.0,2.0022913713120887
2025-08-01,WHHS JNR Boys Trousers,80,0.5417182898399351,0.0,1.875969066691255
2025-09-01,WHHS JNR Boys Trousers,80,0.2137777533502403,0.0,1.4103619294443561
2025-10-01,WHHS JNR Boys Trousers,80,0.7825327269601325,0.0,2.1140053095247238
2025-11-01,WHHS JNR Boys Trousers,80,0.0,0.0,0.9157659841892424
2025-06-01,WHHS JNR Boys Trousers,84,1.1824674499477588,0.33704546988529266,2.079866708373142
2025-07-01,WHHS JNR Boys Trousers,84,0.5955929898715234,0.0,1.480302249142248
2025-08-01,WHHS JNR Boys Trousers,84,0.4080214170599973,0.0,1.244150918135575
2025-09-01,WHHS JNR Boys Trousers,84,0.0,0.0,0.3433591889683786
2025-10-01,WHHS JNR Boys Trousers,84,0.0,0.0,0.31810194619064885
2025-11-01,WHHS JNR Boys Trousers,84,0.0,0.0,0.33062862550577315
2025-06-01,WHHS JNR Boys Trousers,88,0.8437810331024844,0.36370618371037805,1.3584847179116009
2025-07-01,WHHS JNR Boys Trousers,88,0.9593592784995756,0.45920261271991214,1.4675244296113645
2025-08-01,WHHS JNR Boys Trousers,88,0.5313858656239334,0.03111038806100676,1.0579210274865638
2025-09-01,WHHS JNR Boys Trousers,88,0.6793238635286125,0.17272377370563263,1.1820062661015696
2025-10-01,WHHS JNR Boys Trousers,88,0.1297837461029494,0.0,0.626665155082478
2025-11-01,WHHS JNR Boys Trousers,88,0.16909610374769812,0.0,0.6334554175626755
2025-06-01,WHHS JNR Boys Trousers,92,0.18162705652708688,0.0,0.760693455236176
2025-07-01,WHHS JNR Boys Trousers,92,0.13105536639409682,0.0,0.6995666909994896
2025-08-01,WHHS JNR Boys Trousers,92,0.22431024981886682,0.0,0.8034936028429605
2025-09-01,WHHS JNR Boys Trousers,92,0.04300140642995731,0.0,0.6188634134625067
2025-10-01,WHHS JNR Boys Trousers,92,0.01829847672632051,0.0,0.5484788404469587
2025-11-01,WHHS JNR Boys Trousers,92,0.018065812155509176,0.0,0.5656914978570728
2025-06-01,WHHS JNR Boys Trousers,96,0.2507328947011985,0.0,1.0153670461263307
2025-07-01,WHHS JNR Boys Trousers,96,1.3964277194436476,0.6508080463213733,2.165635019451615
2025-08-01,WHHS JNR Boys Trousers,96,0.5925707745616187,0.0,1.3505440818306844
2025-09-01,WHHS JNR Boys Trousers,96,0.9598719466149558,0.2125986943816109,1.7293718145861428
2025-10-01,WHHS JNR Boys Trousers,96,0.21105053137801566,0.0,0.9649188731975811
2025-11-01,WHHS JNR Boys Trousers,96,0.31290790784726374,0.0,1.0853158974753978
2025-06-01,WHHS JNR Girls Shorts,102,0.0,0.0,0.763897561854552
2025-07-01,WHHS JNR Girls Shorts,102,0.0,0.0,0.9469042192364973
2025-08-01,WHHS JNR Girls Shorts,102,0.0,0.0,0.7639576076186592
2025-09-01,WHHS JNR Girls Shorts,102,0.037652917684029064,0.0,1.1020130498014291
2025-10-01,WHHS JNR Girls Shorts,102,0.0,0.0,0.7893635582018903
2025-11-01,WHHS JNR Girls Shorts,102,0.0,0.0,0.8679526879895362
2025-06-01,WHHS JNR Girls Shorts,107,0.0,0.0,0.11336286775065779
2025-07-01,WHHS JNR Girls Shorts,107,0.0,0.0,0.10481905163231794
2025-08-01,WHHS JNR Girls Shorts,107,0.0,0.0,0.07830273958323947
2025-09-01,WHHS JNR Girls Shorts,107,0.0,0.0,0.10299711583339519
2025-10-01,WHHS JNR Girls Shorts,107,0.0,0.0,0.13406471856992863
2025-11-01,WHHS JNR Girls Shorts,107,0.0,0.0,0.18328713349649858
2025-06-01,WHHS JNR Girls Shorts,112,0.03572893728782192,0.0,0.3317718819364245
2025-07-01,WHHS JNR Girls Shorts,112,0.056436973578669614,0.0,0.3558929078481635
2025-08-01,WHHS JNR Girls Shorts,112,0.07185140121814138,0.0,0.3962504047739103
2025-09-01,WHHS JNR Girls Shorts,112,0.08096445176571913,0.0,0.3866358491517597
2025-10-01,WHHS JNR Girls Shorts,112,0.07895788195939961,0.0,0.3804908891309545
2025-11-01,WHHS JNR Girls Shorts,112,0.06714190557199168,0.0,0.404155554522642
2025-06-01,WHHS JNR Girls Shorts,117,0.015582449887176275,0.0,0.3351112114367364
2025-07-01,WHHS JNR Girls Shorts,117,0.0,0.0,0.288645959894209
2025-08-01,WHHS JNR Girls Shorts,117,0.0,0.0,0.32568202714426975
2025-09-01,WHHS JNR Girls Shorts,117,0.0,0.0,0.30280424388353616
2025-10-01,WHHS JNR Girls Shorts,117,0.03865857452536309,0.0,0.3610728110315027
2025-11-01,WHHS JNR Girls Shorts,117,0.09059431267795315,0.0,0.43053562297455517
2025-06-01,WHHS JNR Girls Shorts,122,0.17247825547250267,0.0,0.702327977555079
2025-07-01,WHHS JNR Girls Shorts,122,0.21396636684836773,0.0,0.7068772485468902
2025-08-01,WHHS JNR Girls Shorts,122,0.21667277936185944,0.0,0.7172177812287065
2025-09-01,WHHS JNR Girls Shorts,122,0.1888275222049036,0.0,0.6671222388779778
2025-10-01,WHHS JNR Girls Shorts,122,0.129484850694171,0.0,0.6077925546683743
2025-11-01,WHHS JNR Girls Shorts,122,0.05390726864041573,0.0,0.5640436686383475
2025-06-01,WHHS JNR Girls Shorts,127,0.31913584647092086,0.0,0.7025354609976984
2025-07-01,WHHS JNR Girls Shorts,127,0.31896081861562614,0.0,0.7235346961359586
2025-08-01,WHHS JNR Girls Shorts,127,0.30003776852939534,0.0,0.7085220031802264
2025-09-01,WHHS JNR Girls Shorts,127,0.2730071618807363,0.0,0.6679131457220551
2025-10-01,WHHS JNR Girls Shorts,127,0.23852506751268104,0.0,0.6313413948378883
2025-11-01,WHHS JNR Girls Shorts,127,0.20632372039731253,0.0,0.5923528339922295
2025-06-01,WHHS JNR Girls Shorts,56,0.0,0.0,0.17245790110350895
2025-07-01,WHHS JNR Girls Shorts,56,0.0,0.0,0.14842471646465163
2025-08-01,WHHS JNR Girls Shorts,56,0.0,0.0,0.18357497713891005
2025-09-01,WHHS JNR Girls Shorts,56,0.0,0.0,0.14400246301713848
2025-10-01,WHHS JNR Girls Shorts,56,0.0,0.0,0.16193817537206087
2025-11-01,WHHS JNR Girls Shorts,56,0.0,0.0,0.17016887419155977
2025-06-01,WHHS JNR Girls Shorts,57,0.03323832324341295,0.0,0.18769647481342686
2025-07-01,WHHS JNR Girls Shorts,57,0.03317919779116742,0.0,0.2047494999327195
2025-08-01,WHHS JNR Girls Shorts,57,0.030188457338071073,0.0,0.20255849858858782
2025-09-01,WHHS JNR Girls Shorts,57,0.025720875048554658,0.0,0.19312897343577293
2025-10-01,WHHS JNR Girls Shorts,57,0.0202236746700352,0.0,0.19734322828180106
2025-11-01,WHHS JNR Girls Shorts,57,0.015180473410414208,0.0,0.18602395203393923
2025-06-01,WHHS JNR Girls Shorts,62,0.0,0.0,1.8689989708442418
2025-07-01,WHHS JNR Girls Shorts,62,0.38372867549453016,0.0,2.2972084109096262
2025-08-01,WHHS JNR Girls Shorts,62,0.0,0.0,1.8323784695091732
2025-09-01,WHHS JNR Girls Shorts,62,0.07520390631883878,0.0,2.0346443629381206
2025-10-01,WHHS JNR Girls Shorts,62,0.31714290986905236,0.0,2.1419091224498112
2025-11-01,WHHS JNR Girls Shorts,62,0.5659341388158114,0.0,2.4553900839525538
2025-06-01,WHHS JNR Girls Shorts,67,0.8436280481601179,0.0,4.278204315560287
2025-07-01,WHHS JNR Girls Shorts,67,0.7165966796506424,0.0,4.281536915210851
2025-08-01,WHHS JNR Girls Shorts,67,0.0,0.0,3.6472632090657764
2025-09-01,WHHS JNR Girls Shorts,67,0.45905522861333425,0.0,4.014702666072399
2025-10-01,WHHS JNR Girls Shorts,67,0.0,0.0,2.6576905796771864
2025-11-01,WHHS JNR Girls Shorts,67,0.4207227637407298,0.0,4.095407266200225
2025-06-01,WHHS JNR Girls Shorts,72,0.0043266737053735405,0.0,2.9425719818860823
2025-07-01,WHHS JNR Girls Shorts,72,0.0,0.0,2.817443807025472
2025-08-01,WHHS JNR Girls Shorts,72,0.0,0.0,2.2598040396480417
2025-09-01,WHHS JNR Girls Shorts,72,0.0,0.0,2.070305729623107
2025-10-01,WHHS JNR Girls Shorts,72,0.2688699473711744,0.0,3.0124386015192988
2025-11-01,WHHS JNR Girls Shorts,72,0.0,0.0,2.5450802052030426
2025-06-01,WHHS JNR Girls Shorts,77,0.0,0.0,1.3616926720889893
2025-07-01,WHHS JNR Girls Shorts,77,0.0,0.0,0.8282182038575787
2025-08-01,WHHS JNR Girls Shorts,77,0.0,0.0,0.8378945156964157
2025-09-01,WHHS JNR Girls Shorts,77,0.0,0.0,1.1598766295996321
2025-10-01,WHHS JNR Girls Shorts,77,0.0,0.0,0.6370838724725619
2025-11-01,WHHS JNR Girls Shorts,77,0.2182516327870161,0.0,1.7700459721925854
2025-06-01,WHHS JNR Girls Shorts,82,0.19034342560118955,0.0,1.6931991715554322
2025-07-01,WHHS JNR Girls Shorts,82,0.0,0.0,1.2149372302885755
2025-08-01,WHHS JNR Girls Shorts,82,0.0,0.0,1.1593675951614686
2025-09-01,WHHS JNR Girls Shorts,82,0.13077113836695375,0.0,1.59164150067787
2025-10-01,WHHS JNR Girls Shorts,82,0.0,0.0,1.0801478999605394
2025-11-01,WHHS JNR Girls Shorts,82,0.0,0.0,0.9383351456166623
2025-06-01,WHHS JNR Girls Shorts,87,0.0,0.0,0.9623418687080723
2025-07-01,WHHS JNR Girls Shorts,87,0.0,0.0,1.426860495831936
2025-08-01,WHHS JNR Girls Shorts,87,0.0,0.0,0.8317343121269396
2025-09-01,WHHS JNR Girls Shorts,87,0.0,0.0,0.8607838614107485
2025-10-01,WHHS JNR Girls Shorts,87,0.0,0.0,0.7737422143149065
2025-11-01,WHHS JNR Girls Shorts,87,0.0,0.0,1.4324150426503746
2025-06-01,WHHS JNR Girls Shorts,92,0.18359657227134685,0.0,0.9058737629427419
2025-07-01,WHHS JNR Girls Shorts,92,0.0,0.0,0.1499947368195375
2025-08-01,WHHS JNR Girls Shorts,92,0.0,0.0,0.18549992253122569
2025-09-01,WHHS JNR Girls Shorts,92,0.0,0.0,0.2548141078466041
2025-10-01,WHHS JNR Girls Shorts,92,0.0,0.0,0.3814042345982457
2025-11-01,WHHS JNR Girls Shorts,92,0.6613825750500355,0.0,1.4473398785993512
2025-06-01,WHHS JNR Girls Shorts,97,1.8494259403982505,0.7361559604638099,2.8786933035006945
2025-07-01,WHHS JNR Girls Shorts,97,0.5452312008340399,0.0,1.5786573978563347
2025-08-01,WHHS JNR Girls Shorts,97,0.3718411405850772,0.0,1.4160433811800297
2025-09-01,WHHS JNR Girls Shorts,97,0.3263316321422812,0.0,1.4208227826684243
2025-10-01,WHHS JNR Girls Shorts,97,0.2799063496312535,0.0,1.3742684452837317
2025-11-01,WHHS JNR Girls Shorts,97,0.24534888879036343,0.0,1.3667798929273638
2025-06-01,WHHS Jnr Long Skirt,102cm,0.0,0.0,0.08040802059283683
2025-07-01,WHHS Jnr Long Skirt,102cm,0.0,0.0,0.09359687630635007
2025-08-01,WHHS Jnr Long Skirt,102cm,0.0,0.0,0.1097079020154698
2025-09-01,WHHS Jnr Long Skirt,102cm,0.0,0.0,0.09891674301039631
2025-10-01,WHHS Jnr Long Skirt,102cm,0.0,0.0,0.11043440499586349
2025-11-01,WHHS Jnr Long Skirt,102cm,0.0,0.0,0.09153716981165894
2025-06-01,WHHS Jnr Long Skirt,107cm,0.0,0.0,0.10785483877771279
2025-07-01,WHHS Jnr Long Skirt,107cm,0.0,0.0,0.12457486071559407
2025-08-01,WHHS Jnr Long Skirt,107cm,0.0,0.0,0.11187091837156599
2025-09-01,WHHS Jnr Long Skirt,107cm,0.0,0.0,0.13417482617392146
2025-10-01,WHHS Jnr Long Skirt,107cm,0.0,0.0,0.12550055337502844
2025-11-01,WHHS Jnr Long Skirt,107cm,0.0,0.0,0.14238373259894746
2025-06-01,WHHS Jnr Long Skirt,57cm,0.0,0.0,0.13204364824493997
2025-07-01,WHHS Jnr Long Skirt,57cm,0.0,0.0,0.14087922112343554
2025-08-01,WHHS Jnr Long Skirt,57cm,0.0,0.0,0.12587599379468584
2025-09-01,WHHS Jnr Long Skirt,57cm,0.0,0.0,0.14279590316823573
2025-10-01,WHHS Jnr Long Skirt,57cm,0.0,0.0,0.15933040878507893
2025-11-01,WHHS Jnr Long Skirt,57cm,0.0,0.0,0.13715846605615062
2025-06-01,WHHS Jnr Long Skirt,72cm,0.0,0.0,0.10181730014723174
2025-07-01,WHHS Jnr Long Skirt,72cm,0.0,0.0,0.08653269859905811
2025-08-01,WHHS Jnr Long Skirt,72cm,0.0,0.0,0.09353359777055005
2025-09-01,WHHS Jnr Long Skirt,72cm,0.0,0.0,0.0954287302586379
2025-10-01,WHHS Jnr Long Skirt,72cm,0.0,0.0,0.08904217295136727
2025-11-01,WHHS Jnr Long Skirt,72cm,0.0,0.0,0.08238389352050968
2025-06-01,WHHS Jnr Long Skirt,77cm,0.0,0.0,0.1428582492097982
2025-07-01,WHHS Jnr Long Skirt,77cm,0.0,0.0,0.13814090825812636
2025-08-01,WHHS Jnr Long Skirt,77cm,0.0,0.0,0.13963556680678518
2025-09-01,WHHS Jnr Long Skirt,77cm,0.0,0.0,0.13670757052064683
2025-10-01,WHHS Jnr Long Skirt,77cm,0.0,0.0,0.13731632572833705
2025-11-01,WHHS Jnr Long Skirt,77cm,0.0,0.0,0.14960893835901617
2025-06-01,WHHS Jnr Long Skirt,87cm,0.0005993654478059322,0.0,0.25001577061203184
2025-07-01,WHHS Jnr Long Skirt,87cm,0.0,0.0,0.2532331449582863
2025-08-01,WHHS Jnr Long Skirt,87cm,0.0,0.0,0.2449227101265638
2025-09-01,WHHS Jnr Long Skirt,87cm,0.0,0.0,0.22819903064302202
2025-10-01,WHHS Jnr Long Skirt,87cm,0.0,0.0,0.23762166490196837
2025-11-01,WHHS Jnr Long Skirt,87cm,0.0,0.0,0.22784343112806515
2025-06-01,WHHS Jnr Long Skirt,97cm,0.0,0.0,0.3920250073961448
2025-07-01,WHHS Jnr Long Skirt,97cm,0.0,0.0,0.39307785271110046
2025-08-01,WHHS Jnr Long Skirt,97cm,0.0,0.0,0.41435871974679095
2025-09-01,WHHS Jnr Long Skirt,97cm,0.0,0.0,0.4245254682517111
2025-10-01,WHHS Jnr Long Skirt,97cm,0.0,0.0,0.4550949648996806
2025-11-01,WHHS Jnr Long Skirt,97cm,0.0,0.0,0.4680801596416662
2025-06-01,WHHS Jnr Short Skirt,102,0.12197510281728001,0.0,0.6134457939440904
2025-07-01,WHHS Jnr Short Skirt,102,0.0,0.0,0.49194960439805446
2025-08-01,WHHS Jnr Short Skirt,102,0.0,0.0,0.47993908631095406
2025-09-01,WHHS Jnr Short Skirt,102,0.0,0.0,0.42377755070193623
2025-10-01,WHHS Jnr Short Skirt,102,0.0,0.0,0.3689557962163552
2025-11-01,WHHS Jnr Short Skirt,102,0.0,0.0,0.29967725457253486
2025-06-01,WHHS Jnr Short Skirt,107,0.0,0.0,0.10376080692482155
2025-07-01,WHHS Jnr Short Skirt,107,0.0,0.0,0.0932834197260545
2025-08-01,WHHS Jnr Short Skirt,107,0.0,0.0,0.09542942522576285
2025-09-01,WHHS Jnr Short Skirt,107,0.0,0.0,0.09128596897297152
2025-10-01,WHHS Jnr Short Skirt,107,0.0,0.0,0.08610361583648155
2025-11-01,WHHS Jnr Short Skirt,107,0.0,0.0,0.08229836453701272
2025-06-01,WHHS Jnr Short Skirt,112,0.0,0.0,0.13124812830150834
2025-07-01,WHHS Jnr Short Skirt,112,0.0,0.0,0.14058686759822206
2025-08-01,WHHS Jnr Short Skirt,112,0.0,0.0,0.14351661613012776
2025-09-01,WHHS Jnr Short Skirt,112,0.0,0.0,0.14156825783343704
2025-10-01,WHHS Jnr Short Skirt,112,0.0,0.0,0.17947567826098068
2025-11-01,WHHS Jnr Short Skirt,112,0.0,0.0,0.17923000552512117
2025-06-01,WHHS Jnr Short Skirt,117,0.0023053776883803292,0.0,0.1340215794700379
2025-07-01,WHHS Jnr Short Skirt,117,0.0005290954366098527,0.0,0.12124747539358144
2025-08-01,WHHS Jnr Short Skirt,117,0.0067309926954579186,0.0,0.1355502329568733
2025-09-01,WHHS Jnr Short Skirt,117,0.018695489074689334,0.0,0.15397231220756122
2025-10-01,WHHS Jnr Short Skirt,117,0.03393602797629795,0.0,0.15482237376735195
2025-11-01,WHHS Jnr Short Skirt,117,0.049156812583365364,0.0,0.18117698307111743
2025-06-01,WHHS Jnr Short Skirt,122,0.0023053776883803292,0.0,0.1292925782818155
2025-07-01,WHHS Jnr Short Skirt,122,0.0005290954366098527,0.0,0.12113781890283717
2025-08-01,WHHS Jnr Short Skirt,122,0.0067309926954579186,0.0,0.13354817663378585
2025-09-01,WHHS Jnr Short Skirt,122,0.018695489074689334,0.0,0.14956085977944922
2025-10-01,WHHS Jnr Short Skirt,122,0.03393602797629795,0.0,0.15172952593785327
2025-11-01,WHHS Jnr Short Skirt,122,0.049156812583365364,0.0,0.177839238351333
2025-06-01,WHHS Jnr Short Skirt,57,0.0,0.0,0.6673502422248253
2025-07-01,WHHS Jnr Short Skirt,57,0.26685359897737415,0.0,1.165843390191555
2025-08-01,WHHS Jnr Short Skirt,57,0.25982741019025074,0.0,1.2306292095701314
2025-09-01,WHHS Jnr Short Skirt,57,0.0,0.0,0.6524737468260503
2025-10-01,WHHS Jnr Short Skirt,57,0.0,0.0,0.7161776398240202
2025-11-01,WHHS Jnr Short Skirt,57,0.0,0.0,0.7895843897965807
2025-06-01,WHHS Jnr Short Skirt,62,0.0,0.0,1.6891038649266872
2025-07-01,WHHS Jnr Short Skirt,62,0.0,0.0,2.027436132712341
2025-08-01,WHHS Jnr Short Skirt,62,0.0,0.0,1.6039710450281945
2025-09-01,WHHS Jnr Short Skirt,62,0.0,0.0,1.893417153897248
2025-10-01,WHHS Jnr Short Skirt,62,0.0,0.0,1.4548899435985623
2025-11-01,WHHS Jnr Short Skirt,62,0.0,0.0,2.2566353583663186
2025-06-01,WHHS Jnr Short Skirt,67,1.9148017629200051,0.0,5.289533649341959
2025-07-01,WHHS Jnr Short Skirt,67,1.2502805857174293,0.0,4.518224374168811
2025-08-01,WHHS Jnr Short Skirt,67,1.7169845198868754,0.0,5.0833012749876625
2025-09-01,WHHS Jnr Short Skirt,67,1.3924348091704253,0.0,5.027844022233259
2025-10-01,WHHS Jnr Short Skirt,67,0.2529456917875863,0.0,3.5259436768811505
2025-11-01,WHHS Jnr Short Skirt,67,0.867578234126388,0.0,4.408170596072517
2025-06-01,WHHS Jnr Short Skirt,72,2.6916966744255477,0.0,5.472509990830052
2025-07-01,WHHS Jnr Short Skirt,72,2.3720992986283753,0.0,5.026667354909083
2025-08-01,WHHS Jnr Short Skirt,72,2.998038199574468,0.3643967830875808,5.794813330716475
2025-09-01,WHHS Jnr Short Skirt,72,2.6038175026562205,0.10345161186894845,5.42398683401329
2025-10-01,WHHS Jnr Short Skirt,72,2.204578797678152,0.0,4.94659616883891
2025-11-01,WHHS Jnr Short Skirt,72,3.945089332919703,1.2969915542204353,6.558261045320119
2025-06-01,WHHS Jnr Short Skirt,77,2.0479912085130123,0.2389400529738458,3.5763040824090657
2025-07-01,WHHS Jnr Short Skirt,77,2.496471590540547,0.6325345065339856,4.247112137054063
2025-08-01,WHHS Jnr Short Skirt,77,1.471237364739521,0.0,3.052532886676227
2025-09-01,WHHS Jnr Short Skirt,77,1.5031418823837388,0.0,3.1867305219524296
2025-10-01,WHHS Jnr Short Skirt,77,2.1695028461022687,0.45699573306303676,3.785445361987391
2025-11-01,WHHS Jnr Short Skirt,77,0.982096572653703,0.0,2.667565326709843
2025-06-01,WHHS Jnr Short Skirt,82,0.5886120016535829,0.0,1.703605199870777
2025-07-01,WHHS Jnr Short Skirt,82,0.5682849265919789,0.0,1.549291569892804
2025-08-01,WHHS Jnr Short Skirt,82,0.5052433842218713,0.0,1.5398294145515736
2025-09-01,WHHS Jnr Short Skirt,82,0.5720197005824792,0.0,1.543278094030874
2025-10-01,WHHS Jnr Short Skirt,82,0.9109298228069783,0.0,1.9509978813389632
2025-11-01,WHHS Jnr Short Skirt,82,0.8269353551983568,0.0,1.8666280413050782
2025-06-01,WHHS Jnr Short Skirt,87,0.0,0.0,0.291729328173
2025-07-01,WHHS Jnr Short Skirt,87,0.0,0.0,0.2667096028136701
2025-08-01,WHHS Jnr Short Skirt,87,0.0,0.0,0.01652715461311117
2025-09-01,WHHS Jnr Short Skirt,87,0.0,0.0,0.0010183107185059233
2025-10-01,WHHS Jnr Short Skirt,87,0.0,0.0,0.34081299212679356
2025-11-01,WHHS Jnr Short Skirt,87,0.0,0.0,0.104253727843697
2025-06-01,WHHS Jnr Short Skirt,92,0.47164051262866447,0.0,1.3602431277582647
2025-07-01,WHHS Jnr Short Skirt,92,0.0,0.0,0.8715206451056859
2025-08-01,WHHS Jnr Short Skirt,92,0.06239460719453638,0.0,1.0582138630990945
2025-09-01,WHHS Jnr Short Skirt,92,0.09908122423117904,0.0,0.9903516822151871
2025-10-01,WHHS Jnr Short Skirt,92,0.1402020292966073,0.0,1.0066261018488036
2025-11-01,WHHS Jnr Short Skirt,92,0.17866694469671418,0.0,1.0453197000783407
2025-06-01,WHHS Jnr Short Skirt,97,1.4370456444932986,0.7139809346616439,2.1093529144115273
2025-07-01,WHHS Jnr Short Skirt,97,0.33349786461897635,0.0,1.0452205890511859
2025-08-01,WHHS Jnr Short Skirt,97,0.14171102998967788,0.0,0.8563134121104057
2025-09-01,WHHS Jnr Short Skirt,97,0.25080048785618264,0.0,0.9528583908503263
2025-10-01,WHHS Jnr Short Skirt,97,0.5047769578410743,0.0,1.2069171049314873
2025-11-01,WHHS Jnr Short Skirt,97,0.4456283924351359,0.0,1.1522948883765018
2025-06-01,WHHS Jnr Sky Polo,10,3.3677754133155746,0.010772288790576819,6.628087692248753
2025-07-01,WHHS Jnr Sky Polo,10,3.258257446205143,0.0,6.638474735955472
2025-08-01,WHHS Jnr Sky Polo,10,2.7731087848899145,0.0,6.041111627754985
2025-09-01,WHHS Jnr Sky Polo,10,3.471518060190104,0.22391629881571376,6.768231960783851
2025-10-01,WHHS Jnr Sky Polo,10,3.0300136622592198,0.0,6.425743316434177
2025-11-01,WHHS Jnr Sky Polo,10,2.862176075733258,0.0,6.094014959223296
2025-06-01,WHHS Jnr Sky Polo,10XL,0.0,0.0,0.10946211877239519
2025-07-01,WHHS Jnr Sky Polo,10XL,0.0,0.0,0.12155775061798042
2025-08-01,WHHS Jnr Sky Polo,10XL,0.0,0.0,0.1116659551211193
2025-09-01,WHHS Jnr Sky Polo,10XL,0.0,0.0,0.1062677899977398
2025-10-01,WHHS Jnr Sky Polo,10XL,0.24770437412386864,0.08693268151729464,0.39955361101273734
2025-11-01,WHHS Jnr Sky Polo,10XL,0.0,0.0,0.12183318445759693
2025-06-01,WHHS Jnr Sky Polo,12,4.603678314272128,1.0922155756902878,8.671526179837615
2025-07-01,WHHS Jnr Sky Polo,12,3.4088641375190045,0.0,7.250387980339965
2025-08-01,WHHS Jnr Sky Polo,12,3.699313975379855,0.02729947913204533,7.6012801817702496
2025-09-01,WHHS Jnr Sky Polo,12,3.240712324764302,0.0,6.978916054287215
2025-10-01,WHHS Jnr Sky Polo,12,4.022573458010189,0.4866181377067119,7.401094654570182
2025-11-01,WHHS Jnr Sky Polo,12,4.683660629341463,0.9405762645190114,8.358425266235024
2025-06-01,WHHS Jnr Sky Polo,14,0.5497271683853313,0.0,3.807354598464938
2025-07-01,WHHS Jnr Sky Polo,14,0.0,0.0,3.6898104916562766
2025-08-01,WHHS Jnr Sky Polo,14,0.01235292691275447,0.0,3.446926413412693
2025-09-01,WHHS Jnr Sky Polo,14,0.0,0.0,2.6186375042163346
2025-10-01,WHHS Jnr Sky Polo,14,0.0,0.0,3.1398131385597265
2025-11-01,WHHS Jnr Sky Polo,14,3.6631656785291558,0.46050140796953115,7.129644036213662
2025-06-01,WHHS Jnr Sky Polo,2XL,1.1423839937868288,0.0,3.396220777610517
2025-07-01,WHHS Jnr Sky Polo,2XL,0.0,0.0,0.7646243174528673
2025-08-01,WHHS Jnr Sky Polo,2XL,0.0,0.0,0.6804611332816675
2025-09-01,WHHS Jnr Sky Polo,2XL,0.0,0.0,1.126415555312431
2025-10-01,WHHS Jnr Sky Polo,2XL,0.0,0.0,1.549655105036365
2025-11-01,WHHS Jnr Sky Polo,2XL,0.0,0.0,1.3116032872791121
2025-06-01,WHHS Jnr Sky Polo,3XL,0.7542304164088278,0.0,2.0860943183328047
2025-07-01,WHHS Jnr Sky Polo,3XL,0.0,0.0,0.2965624904462842
2025-08-01,WHHS Jnr Sky Polo,3XL,0.0,0.0,0.4421227694982271
2025-09-01,WHHS Jnr Sky Polo,3XL,0.0,0.0,0.4344708080490778
2025-10-01,WHHS Jnr Sky Polo,3XL,0.0,0.0,0.3540758194635516
2025-11-01,WHHS Jnr Sky Polo,3XL,0.0,0.0,0.602015130562755
2025-06-01,WHHS Jnr Sky Polo,4XL,0.04955725974907277,0.0,0.6011430877223018
2025-07-01,WHHS Jnr Sky Polo,4XL,0.0,0.0,0.5516608875867955
2025-08-01,WHHS Jnr Sky Polo,4XL,0.2730036049002095,0.0,0.905587341723397
2025-09-01,WHHS Jnr Sky Polo,4XL,0.0048335043921931,0.0,0.5943550390164575
2025-10-01,WHHS Jnr Sky Polo,4XL,0.0,0.0,0.6365535490645454
2025-11-01,WHHS Jnr Sky Polo,4XL,0.0,0.0,0.553783895511608
2025-06-01,WHHS Jnr Sky Polo,5XL,0.0,0.0,0.7741862847316702
2025-07-01,WHHS Jnr Sky Polo,5XL,0.0,0.0,0.7086790696773105
2025-08-01,WHHS Jnr Sky Polo,5XL,0.0,0.0,0.4953466302471923
2025-09-01,WHHS Jnr Sky Polo,5XL,0.0,0.0,0.43236938153611215
2025-10-01,WHHS Jnr Sky Polo,5XL,0.0,0.0,0.41635515114640637
2025-11-01,WHHS Jnr Sky Polo,5XL,0.0,0.0,0.25707719019836067
2025-06-01,WHHS Jnr Sky Polo,6XL,0.21271756035724756,0.0,0.9165201057934197
2025-07-01,WHHS Jnr Sky Polo,6XL,0.21958614013849587,0.0,0.9868190207423119
2025-08-01,WHHS Jnr Sky Polo,6XL,0.2004396724835701,0.0,0.9611264300235131
2025-09-01,WHHS Jnr Sky Polo,6XL,0.165476994527496,0.0,0.8925098497210868
2025-10-01,WHHS Jnr Sky Polo,6XL,0.11806018351714256,0.0,0.8276829678387939
2025-11-01,WHHS Jnr Sky Polo,6XL,0.06997729924744495,0.0,0.7860626685468125
2025-06-01,WHHS Jnr Sky Polo,7XL,0.0,0.0,0.34550627088179164
2025-07-01,WHHS Jnr Sky Polo,7XL,0.2297098123253134,0.0,0.6444316485021206
2025-08-01,WHHS Jnr Sky Polo,7XL,0.0,0.0,0.3415469218224352
2025-09-01,WHHS Jnr Sky Polo,7XL,0.0,0.0,0.30319454958036673
2025-10-01,WHHS Jnr Sky Polo,7XL,0.0,0.0,0.28239019735461546
2025-11-01,WHHS Jnr Sky Polo,7XL,0.0,0.0,0.2495394709525921
2025-06-01,WHHS Jnr Sky Polo,8,0.8978825465571016,0.0,2.919670846356251
2025-07-01,WHHS Jnr Sky Polo,8,2.0132563337771936,0.02594776930332383,4.033012048384931
2025-08-01,WHHS Jnr Sky Polo,8,0.9063777546192582,0.0,3.0459372785774708
2025-09-01,WHHS Jnr Sky Polo,8,1.0072249727283935,0.0,3.23727123466104
2025-10-01,WHHS Jnr Sky Polo,8,1.1269868725688235,0.0,3.350177561467633
2025-11-01,WHHS Jnr Sky Polo,8,1.5447038146165335,0.0,3.5442471649616283
2025-06-01,WHHS Jnr Sky Polo,L,0.0,0.0,1.094737472340442
2025-07-01,WHHS Jnr Sky Polo,L,0.26012262828942045,0.0,1.8059983963984545
2025-08-01,WHHS Jnr Sky Polo,L,1.0828527777135688,0.0,2.7467463599443462
2025-09-01,WHHS Jnr Sky Polo,L,0.0,0.0,1.4737246238798352
2025-10-01,WHHS Jnr Sky Polo,L,0.0,0.0,0.9675306423603961
2025-11-01,WHHS Jnr Sky Polo,L,0.0,0.0,1.3286232445770345
2025-06-01,WHHS Jnr Sky Polo,M,4.135368164430023,1.717263580056493,6.625916876647684
2025-07-01,WHHS Jnr Sky Polo,M,1.395046656651119,0.0,3.859655613843665
2025-08-01,WHHS Jnr Sky Polo,M,1.9506110509725492,0.0,4.374450976747865
2025-09-01,WHHS Jnr Sky Polo,M,1.371510035515307,0.0,3.867006122619712
2025-10-01,WHHS Jnr Sky Polo,M,0.0,0.0,2.4611019107723653
2025-11-01,WHHS Jnr Sky Polo,M,4.249420132229732,1.7143919900119118,6.693926201134503
2025-06-01,WHHS Jnr Sky Polo,S,2.1944608268684505,0.0,7.081844899308311
2025-07-01,WHHS Jnr Sky Polo,S,4.65768220113042,0.0,9.702759898871383
2025-08-01,WHHS Jnr Sky Polo,S,1.4471745340375328,0.0,6.839025766491484
2025-09-01,WHHS Jnr Sky Polo,S,0.4305255168202802,0.0,5.583733821906204
2025-10-01,WHHS Jnr Sky Polo,S,0.3461835628806691,0.0,5.901610533817009
2025-11-01,WHHS Jnr Sky Polo,S,0.2509450556075672,0.0,5.633769573608956
2025-06-01,WHHS Jnr Sky Polo,XL,0.0,0.0,1.380968764983034
2025-07-01,WHHS Jnr Sky Polo,XL,0.0,0.0,2.216745668154008
2025-08-01,WHHS Jnr Sky Polo,XL,0.0,0.0,1.8316199602911405
2025-09-01,WHHS Jnr Sky Polo,XL,0.0,0.0,1.0003246357598108
2025-10-01,WHHS Jnr Sky Polo,XL,0.0,0.0,0.8490725207059502
2025-11-01,WHHS Jnr Sky Polo,XL,0.0,0.0,1.3326128492873526
2025-06-01,WHHS Jnr Sky Polo,XS,0.0,0.0,1.5275508481622166
2025-07-01,WHHS Jnr Sky Polo,XS,0.11409424498330001,0.0,2.0493967817028
2025-08-01,WHHS Jnr Sky Polo,XS,0.0,0.0,0.5425934003106577
2025-09-01,WHHS Jnr Sky Polo,XS,0.0,0.0,1.0114600354817291
2025-10-01,WHHS Jnr Sky Polo,XS,0.0,0.0,1.8825530627693126
2025-11-01,WHHS Jnr Sky Polo,XS,0.6781220919962374,0.0,2.6129697273332853
2025-06-01,WHHS PE Shirts,10K,0.0,0.0,0.607901614322375
2025-07-01,WHHS PE Shirts,10K,0.2128345458682284,0.0,1.2103556459003155
2025-08-01,WHHS PE Shirts,10K,0.0,0.0,0.6244842972984648
2025-09-01,WHHS PE Shirts,10K,0.0,0.0,0.8417616295418879
2025-10-01,WHHS PE Shirts,10K,0.0,0.0,0.8665037694996455
2025-11-01,WHHS PE Shirts,10K,0.0,0.0,0.8762192946434103
2025-06-01,WHHS PE Shirts,12K,0.2668449907986873,0.0,1.228539870619886
2025-07-01,WHHS PE Shirts,12K,0.289776171484873,0.0,1.2492863857681737
2025-08-01,WHHS PE Shirts,12K,0.3613247106497418,0.0,1.305472044746619
2025-09-01,WHHS PE Shirts,12K,0.6153883775993733,0.0,1.5753843823800018
2025-10-01,WHHS PE Shirts,12K,0.5866211201789078,0.0,1.6122563768358513
2025-11-01,WHHS PE Shirts,12K,0.6798774023857943,0.0,1.5414468736584677
2025-06-01,WHHS PE Shirts,14K,0.5907839212367372,0.0,1.4537766138641872
2025-07-01,WHHS PE Shirts,14K,0.6550374143215261,0.0,1.5656726228509663
2025-08-01,WHHS PE Shirts,14K,1.2384425804391648,0.24288633663509338,2.1798506550447923
2025-09-01,WHHS PE Shirts,14K,0.7855456255375111,0.0,1.6886701132050772
2025-10-01,WHHS PE Shirts,14K,0.5490115227036128,0.0,1.6005244818168467
2025-11-01,WHHS PE Shirts,14K,1.4239181336740645,0.48481416333094807,2.4087621923945273
2025-06-01,WHHS PE Shirts,2XL,0.0,0.0,0.32200524269969955
2025-07-01,WHHS PE Shirts,2XL,0.0,0.0,0.2825353300955
2025-08-01,WHHS PE Shirts,2XL,0.0,0.0,0.617018852005013
2025-09-01,WHHS PE Shirts,2XL,0.0,0.0,0.3395433258903306
2025-10-01,WHHS PE Shirts,2XL,0.0,0.0,0.3209578348602289
2025-11-01,WHHS PE Shirts,2XL,0.0,0.0,0.47128324047628783
2025-06-01,WHHS PE Shirts,3XL,0.0,0.0,0.3950253359756238
2025-07-01,WHHS PE Shirts,3XL,0.0,0.0,0.22519466112365963
2025-08-01,WHHS PE Shirts,3XL,0.0,0.0,0.40044040073986653
2025-09-01,WHHS PE Shirts,3XL,0.0,0.0,0.4107766594862916
2025-10-01,WHHS PE Shirts,3XL,0.0,0.0,0.48410763143163976
2025-11-01,WHHS PE Shirts,3XL,0.0,0.0,0.5795718662198509
2025-06-01,WHHS PE Shirts,4XL,0.0,0.0,0.2043481857431755
2025-07-01,WHHS PE Shirts,4XL,0.04019107658732207,0.0,0.38045863465740437
2025-08-01,WHHS PE Shirts,4XL,0.0,0.0,0.21738759541624533
2025-09-01,WHHS PE Shirts,4XL,0.0,0.0,0.20402381866915847
2025-10-01,WHHS PE Shirts,4XL,0.0,0.0,0.15378711926498917
2025-11-01,WHHS PE Shirts,4XL,0.0,0.0,0.14105576730294414
2025-06-01,WHHS PE Shirts,5XL,0.06122168640336645,0.0,0.1752859325044298
2025-07-01,WHHS PE Shirts,5XL,0.0663528838138599,0.0,0.18272800143688556
2025-08-01,WHHS PE Shirts,5XL,0.06104330181359796,0.0,0.16781559589164924
2025-09-01,WHHS PE Shirts,5XL,0.04914560620424119,0.0,0.14897274063128835
2025-10-01,WHHS PE Shirts,5XL,0.03251782026370499,0.0,0.13062041053607734
2025-11-01,WHHS PE Shirts,5XL,0.016001860760406494,0.0,0.12685819054196795
2025-06-01,WHHS PE Shirts,6XL,0.0,0.0,0.10275807997694965
2025-07-01,WHHS PE Shirts,6XL,0.0,0.0,0.1606649901491786
2025-08-01,WHHS PE Shirts,6XL,0.0,0.0,0.1332390345670323
2025-09-01,WHHS PE Shirts,6XL,0.0,0.0,0.11919048570138802
2025-10-01,WHHS PE Shirts,6XL,0.0,0.0,0.11172673667074974
2025-11-01,WHHS PE Shirts,6XL,0.0,0.0,0.044585010694137714
2025-06-01,WHHS PE Shirts,8XL,0.0,0.0,0.011503030200945478
2025-07-01,WHHS PE Shirts,8XL,0.0,0.0,0.0051988821549506245
2025-08-01,WHHS PE Shirts,8XL,0.0,0.0,0.02401985251668841
2025-09-01,WHHS PE Shirts,8XL,0.0,0.0,0.027289676268900033
2025-10-01,WHHS PE Shirts,8XL,0.0,0.0,0.050482253721355265
2025-11-01,WHHS PE Shirts,8XL,0.0,0.0,0.06109310837129092
2025-06-01,WHHS PE Shirts,L,0.0,0.0,1.8761225643249173
2025-07-01,WHHS PE Shirts,L,0.0,0.0,1.5925303446207142
2025-08-01,WHHS PE Shirts,L,0.6387312545732842,0.0,2.855458089775921
2025-09-01,WHHS PE Shirts,L,0.7116291860070585,0.0,2.9976696848240216
2025-10-01,WHHS PE Shirts,L,0.0,0.0,1.9822206453274123
2025-11-01,WHHS PE Shirts,L,0.0947628070746549,0.0,2.363349565048143
2025-06-01,WHHS PE Shirts,M,1.7494494902852038,0.0,5.505390640936287
2025-07-01,WHHS PE Shirts,M,0.954120605015929,0.0,4.085061986451334
2025-08-01,WHHS PE Shirts,M,0.0,0.0,2.668825591388857
2025-09-01,WHHS PE Shirts,M,0.0,0.0,1.8929229895666153
2025-10-01,WHHS PE Shirts,M,0.0,0.0,2.2956012613567447
2025-11-01,WHHS PE Shirts,M,0.6138439743933448,0.0,4.010306179773977
2025-06-01,WHHS PE Shirts,S,0.0,0.0,1.8126696622827239
2025-07-01,WHHS PE Shirts,S,0.3576093412187493,0.0,2.7494397011633023
2025-08-01,WHHS PE Shirts,S,0.786823222640546,0.0,3.1770813846855335
2025-09-01,WHHS PE Shirts,S,0.0,0.0,2.1262435436824103
2025-10-01,WHHS PE Shirts,S,0.2579821266702602,0.0,2.697351832993376
2025-11-01,WHHS PE Shirts,S,1.7780817222132432,0.0,4.116303039875431
2025-06-01,WHHS PE Shirts,XL,0.0,0.0,0.5361303774654389
2025-07-01,WHHS PE Shirts,XL,0.0,0.0,0.5369097638213196
2025-08-01,WHHS PE Shirts,XL,0.0,0.0,0.8309190445748497
2025-09-01,WHHS PE Shirts,XL,0.0,0.0,1.014681472312033
2025-10-01,WHHS PE Shirts,XL,0.0,0.0,0.7895601561028786
2025-11-01,WHHS PE Shirts,XL,0.0,0.0,0.8506709762702597
2025-06-01,WHHS PE Shirts,XS,2.232552884576888,0.0,6.331653218491727
2025-07-01,WHHS PE Shirts,XS,1.9150474532576114,0.0,5.95309991076894
2025-08-01,WHHS PE Shirts,XS,0.9089167388977621,0.0,5.28132286452651
2025-09-01,WHHS PE Shirts,XS,1.7763238410968176,0.0,6.039071168952251
2025-10-01,WHHS PE Shirts,XS,1.4287669188984982,0.0,5.485834512000086
2025-11-01,WHHS PE Shirts,XS,2.3269516065255145,0.0,6.338510196877617
2025-06-01,WHHS PE Shorts,10K,0.03399188775188726,0.0,0.3119477582236023
2025-07-01,WHHS PE Shorts,10K,0.01684031948035075,0.0,0.2858670301022531
2025-08-01,WHHS PE Shorts,10K,0.012267134071786256,0.0,0.2943919549149902
2025-09-01,WHHS PE Shorts,10K,0.02044064830148354,0.0,0.31240904216405735
2025-10-01,WHHS PE Shorts,10K,0.038544066098237774,0.0,0.3179675964255973
2025-11-01,WHHS PE Shorts,10K,0.06316914931428337,0.0,0.3280793003173158
2025-06-01,WHHS PE Shorts,12K,0.0,0.0,0.31100208248315575
2025-07-01,WHHS PE Shorts,12K,0.2201927320369694,0.0,0.8265486769529686
2025-08-01,WHHS PE Shorts,12K,0.0,0.0,0.33255565952178123
2025-09-01,WHHS PE Shorts,12K,0.0,0.0,0.3768300056519108
2025-10-01,WHHS PE Shorts,12K,0.0,0.0,0.41656767915090065
2025-11-01,WHHS PE Shorts,12K,0.0,0.0,0.46206005231286107
2025-06-01,WHHS PE Shorts,14K,1.2090578153726264,0.0,3.38745898056986
2025-07-01,WHHS PE Shorts,14K,1.2451801724271045,0.0,3.34297738086267
2025-08-01,WHHS PE Shorts,14K,1.2441031034591874,0.0,3.4668105089633907
2025-09-01,WHHS PE Shorts,14K,1.2295813344719686,0.0,3.3765612734021966
2025-10-01,WHHS PE Shorts,14K,1.1774873089039883,0.0,3.4469931343501563
2025-11-01,WHHS PE Shorts,14K,1.5460724030018396,0.0,3.6188167917492295
2025-06-01,WHHS PE Shorts,2XL,0.0,0.0,0.8418311628252628
2025-07-01,WHHS PE Shorts,2XL,0.0,0.0,0.6696763695003878
2025-08-01,WHHS PE Shorts,2XL,0.0,0.0,0.7000880980090026
2025-09-01,WHHS PE Shorts,2XL,0.0,0.0,0.4617917429900906
2025-10-01,WHHS PE Shorts,2XL,0.0,0.0,0.5579570580279181
2025-11-01,WHHS PE Shorts,2XL,0.0,0.0,0.46244780764991833
2025-06-01,WHHS PE Shorts,3XL,0.0,0.0,0.2551281924041332
2025-07-01,WHHS PE Shorts,3XL,0.0,0.0,0.26843476573959524
2025-08-01,WHHS PE Shorts,3XL,0.0,0.0,0.2968411828248336
2025-09-01,WHHS PE Shorts,3XL,0.0,0.0,0.316347647827965
2025-10-01,WHHS PE Shorts,3XL,0.0,0.0,0.39210547965330556
2025-11-01,WHHS PE Shorts,3XL,0.0,0.0,0.5064676560723792
2025-06-01,WHHS PE Shorts,4XL,0.0,0.0,0.47661327587216995
2025-07-01,WHHS PE Shorts,4XL,0.0,0.0,0.6716993046602302
2025-08-01,WHHS PE Shorts,4XL,0.0,0.0,0.5085678215432605
2025-09-01,WHHS PE Shorts,4XL,0.0,0.0,0.5562704046098395
2025-10-01,WHHS PE Shorts,4XL,0.0,0.0,0.3974182738247433
2025-11-01,WHHS PE Shorts,4XL,0.0,0.0,0.3851029409007119
2025-06-01,WHHS PE Shorts,5XL,0.099998878429663,0.0,0.4432715357434372
2025-07-01,WHHS PE Shorts,5XL,0.1074009546457125,0.0,0.40607200307782554
2025-08-01,WHHS PE Shorts,5XL,0.08968367975862508,0.0,0.3937196651960993
2025-09-01,WHHS PE Shorts,5XL,0.05520899722053364,0.0,0.3570159283540311
2025-10-01,WHHS PE Shorts,5XL,0.009144570668286195,0.0,0.3250354887849331
2025-11-01,WHHS PE Shorts,5XL,0.0,0.0,0.27481505296304415
2025-06-01,WHHS PE Shorts,6XL,0.0,0.0,0.3707734261180601
2025-07-01,WHHS PE Shorts,6XL,0.0,0.0,0.3713479324872723
2025-08-01,WHHS PE Shorts,6XL,0.0,0.0,0.3818081579439105
2025-09-01,WHHS PE Shorts,6XL,0.0,0.0,0.3568314113536643
2025-10-01,WHHS PE Shorts,6XL,0.0,0.0,0.36467045472092857
2025-11-01,WHHS PE Shorts,6XL,0.0,0.0,0.3345286070688276
2025-06-01,WHHS PE Shorts,7XL,0.0,0.0,0.12266276885824573
2025-07-01,WHHS PE Shorts,7XL,0.0,0.0,0.1247820260938775
2025-08-01,WHHS PE Shorts,7XL,0.0,0.0,0.1111250550806083
2025-09-01,WHHS PE Shorts,7XL,0.0,0.0,0.11403671627373733
2025-10-01,WHHS PE Shorts,7XL,0.0,0.0,0.08775150649014564
2025-11-01,WHHS PE Shorts,7XL,0.0,0.0,0.081797300320649
2025-06-01,WHHS PE Shorts,8XL,0.0,0.0,0.13185372283666627
2025-07-01,WHHS PE Shorts,8XL,0.0,0.0,0.1418169499522982
2025-08-01,WHHS PE Shorts,8XL,0.0,0.0,0.13753999266468903
2025-09-01,WHHS PE Shorts,8XL,0.0,0.0,0.1373956350247979
2025-10-01,WHHS PE Shorts,8XL,0.0,0.0,0.1395339931503198
2025-11-01,WHHS PE Shorts,8XL,0.0,0.0,0.1578934525114706
2025-06-01,WHHS PE Shorts,L,0.0,0.0,0.913157909089755
2025-07-01,WHHS PE Shorts,L,0.0,0.0,0.5749948458332261
2025-08-01,WHHS PE Shorts,L,0.0,0.0,1.0903357685243584
2025-09-01,WHHS PE Shorts,L,0.0,0.0,1.1614926803591794
2025-10-01,WHHS PE Shorts,L,0.0,0.0,0.8189632742724504
2025-11-01,WHHS PE Shorts,L,0.3982095708153932,0.0,1.8087025314689467
2025-06-01,WHHS PE Shorts,M,2.522835083053235,0.0,5.877317755708945
2025-07-01,WHHS PE Shorts,M,1.572169776995378,0.0,4.958242937825868
2025-08-01,WHHS PE Shorts,M,1.2121765887833034,0.0,4.260649568240601
2025-09-01,WHHS PE Shorts,M,0.9598786282702623,0.0,4.296406946935009
2025-10-01,WHHS PE Shorts,M,0.6286835841460254,0.0,3.8679620788030618
2025-11-01,WHHS PE Shorts,M,1.0048283792623716,0.0,4.024449246725788
2025-06-01,WHHS PE Shorts,S,0.0,0.0,2.9981779831788757
2025-07-01,WHHS PE Shorts,S,0.5743064613635473,0.0,4.568319326681292
2025-08-01,WHHS PE Shorts,S,0.0,0.0,3.9358306722670937
2025-09-01,WHHS PE Shorts,S,0.0,0.0,2.4576812452633146
2025-10-01,WHHS PE Shorts,S,0.03690283183209786,0.0,4.1725652297492655
2025-11-01,WHHS PE Shorts,S,1.1725293402202959,0.0,5.276684679374127
2025-06-01,WHHS PE Shorts,XL,0.0,0.0,1.1948475569439978
2025-07-01,WHHS PE Shorts,XL,0.0,0.0,0.8580138922080092
2025-08-01,WHHS PE Shorts,XL,0.5350143202862618,0.0,2.2658911643778326
2025-09-01,WHHS PE Shorts,XL,0.0,0.0,0.7146202307944675
2025-10-01,WHHS PE Shorts,XL,0.0,0.0,1.1149161673551946
2025-11-01,WHHS PE Shorts,XL,0.19280096798639135,0.0,2.0163482724104282
2025-06-01,WHHS PE Shorts,XS,1.6277747369041577,0.0,4.819332463767343
2025-07-01,WHHS PE Shorts,XS,1.019073462433556,0.0,4.3392451308814275
2025-08-01,WHHS PE Shorts,XS,0.0,0.0,3.2359865252055835
2025-09-01,WHHS PE Shorts,XS,0.7949164905458446,0.0,4.108147085783498
2025-10-01,WHHS PE Shorts,XS,0.0,0.0,2.643306446695289
2025-11-01,WHHS PE Shorts,XS,2.9690182960281386,0.0,6.187132805426168
2025-06-01,WHHS Snr Girls Short,102,0.0,0.0,0.3330224535616248
2025-07-01,WHHS Snr Girls Short,102,0.0,0.0,0.2970612507082566
2025-08-01,WHHS Snr Girls Short,102,0.0,0.0,0.361419075077385
2025-09-01,WHHS Snr Girls Short,102,0.0,0.0,0.31516624282613187
2025-10-01,WHHS Snr Girls Short,102,0.0,0.0,0.3215152089385522
2025-11-01,WHHS Snr Girls Short,102,0.0,0.0,0.29404131185061744
2025-06-01,WHHS Snr Girls Short,107,0.0,0.0,0.3116362467466043
2025-07-01,WHHS Snr Girls Short,107,0.0,0.0,0.28627317696654775
2025-08-01,WHHS Snr Girls Short,107,0.0,0.0,0.27905749700470506
2025-09-01,WHHS Snr Girls Short,107,0.0,0.0,0.2928634179084519
2025-10-01,WHHS Snr Girls Short,107,0.0,0.0,0.31825865033769196
2025-11-01,WHHS Snr Girls Short,107,0.0,0.0,0.3180266634590264
2025-06-01,WHHS Snr Girls Short,127,0.4980961740872498,0.3067751302950458,0.6912636275466341
2025-07-01,WHHS Snr Girls Short,127,0.0,0.0,0.12626490414904615
2025-08-01,WHHS Snr Girls Short,127,0.0,0.0,0.1425981710119933
2025-09-01,WHHS Snr Girls Short,127,0.0,0.0,0.17689973480326843
2025-10-01,WHHS Snr Girls Short,127,0.0,0.0,0.16394528279047796
2025-11-01,WHHS Snr Girls Short,127,0.0,0.0,0.19614008402455718
2025-06-01,WHHS Snr Girls Short,62,0.07878518051678168,0.0,0.344818716992969
2025-07-01,WHHS Snr Girls Short,62,0.05612303262206486,0.0,0.39907798377144216
2025-08-01,WHHS Snr Girls Short,62,0.029240899572839762,0.0,0.3333157395252216
2025-09-01,WHHS Snr Girls Short,62,0.5635926256293724,0.2452424963573353,0.8847645719923999
2025-10-01,WHHS Snr Girls Short,62,0.0,0.0,0.27895727024174577
2025-11-01,WHHS Snr Girls Short,62,0.0,0.0,0.29242112675295895
2025-06-01,WHHS Snr Girls Short,67,0.0,0.0,1.0591337126346256
2025-07-01,WHHS Snr Girls Short,67,0.0,0.0,1.0569980069023985
2025-08-01,WHHS Snr Girls Short,67,0.0,0.0,1.039175491143865
2025-09-01,WHHS Snr Girls Short,67,0.0,0.0,1.0118091795310955
2025-10-01,WHHS Snr Girls Short,67,0.0,0.0,0.9983011167901339
2025-11-01,WHHS Snr Girls Short,67,0.0,0.0,0.9976749849038002
2025-06-01,WHHS Snr Girls Short,72,0.0,0.0,0.23926104103732854
2025-07-01,WHHS Snr Girls Short,72,0.0,0.0,1.8482963344804486
2025-08-01,WHHS Snr Girls Short,72,0.0,0.0,0.5756387514794135
2025-09-01,WHHS Snr Girls Short,72,0.0,0.0,0.2730756887487027
2025-10-01,WHHS Snr Girls Short,72,0.0,0.0,0.5343552535020311
2025-11-01,WHHS Snr Girls Short,72,0.0,0.0,1.3307452336566719
2025-06-01,WHHS Snr Girls Short,77,0.0,0.0,1.2183730143293428
2025-07-01,WHHS Snr Girls Short,77,0.0,0.0,1.211810457377534
2025-08-01,WHHS Snr Girls Short,77,0.0,0.0,1.3028642277365883
2025-09-01,WHHS Snr Girls Short,77,0.7027097244846574,0.0,2.231325249574462
2025-10-01,WHHS Snr Girls Short,77,0.1116470667124696,0.0,1.643081430119909
2025-11-01,WHHS Snr Girls Short,77,0.0,0.0,1.212869038548186
2025-06-01,WHHS Snr Girls Short,82,0.0,0.0,0.9226919497693647
2025-07-01,WHHS Snr Girls Short,82,0.0,0.0,0.908784141565431
2025-08-01,WHHS Snr Girls Short,82,0.0,0.0,0.9965819697149665
2025-09-01,WHHS Snr Girls Short,82,0.0,0.0,0.7636794367212997
2025-10-01,WHHS Snr Girls Short,82,0.0,0.0,0.7773655270814984
2025-11-01,WHHS Snr Girls Short,82,0.0,0.0,0.7185588256805123
2025-06-01,WHHS Snr Girls Short,87,0.0,0.0,0.5872600451386569
2025-07-01,WHHS Snr Girls Short,87,0.0,0.0,0.5545364138360208
2025-08-01,WHHS Snr Girls Short,87,0.0,0.0,0.5473104742513982
2025-09-01,WHHS Snr Girls Short,87,0.0,0.0,0.5584966625534593
2025-10-01,WHHS Snr Girls Short,87,0.0,0.0,0.7205879006893013
2025-11-01,WHHS Snr Girls Short,87,0.0,0.0,0.7883144231678297
2025-06-01,WHHS Snr Girls Short,92,0.0755703021320922,0.0,0.5155610052603457
2025-07-01,WHHS Snr Girls Short,92,0.060494540332727276,0.0,0.45031961761091316
2025-08-01,WHHS Snr Girls Short,92,0.050229765430716444,0.0,0.4753964149064307
2025-09-01,WHHS Snr Girls Short,92,0.04682680984672033,0.0,0.47812947893446656
2025-10-01,WHHS Snr Girls Short,92,0.1996226007122162,0.0,0.6078921429583433
2025-11-01,WHHS Snr Girls Short,92,0.07266699622294731,0.0,0.48247787241567575
2025-06-01,WHHS Snr Girls Short,97,0.0,0.0,0.3903729806852116
2025-07-01,WHHS Snr Girls Short,97,0.0,0.0,0.45777982420858543
2025-08-01,WHHS Snr Girls Short,97,0.0,0.0,0.43011536710350223
2025-09-01,WHHS Snr Girls Short,97,0.0,0.0,0.4146407218562928
2025-10-01,WHHS Snr Girls Short,97,0.0,0.0,0.40665294544433306
2025-11-01,WHHS Snr Girls Short,97,0.0,0.0,0.33183302937825815
2025-06-01,WHHS Snr L/S Blouse,10,2.214743456769266,1.2939260647529267,3.043453542789199
2025-07-01,WHHS Snr L/S Blouse,10,0.12567614978110075,0.0,1.0261876369186567
2025-08-01,WHHS Snr L/S Blouse,10,0.7590267355907127,0.0,1.6536519087924384
2025-09-01,WHHS Snr L/S Blouse,10,0.2251736925405614,0.0,1.1235017332106523
2025-10-01,WHHS Snr L/S Blouse,10,0.08241027475519358,0.0,0.9863208794560043
2025-11-01,WHHS Snr L/S Blouse,10,0.6184641728042837,0.0,1.5250807809339761
2025-06-01,WHHS Snr L/S Blouse,12,1.5067700486287596,0.0,3.1730387931240753
2025-07-01,WHHS Snr L/S Blouse,12,1.7679274671985625,0.22768981730067364,3.510767889408504
2025-08-01,WHHS Snr L/S Blouse,12,0.9925909558434757,0.0,2.7891453868125025
2025-09-01,WHHS Snr L/S Blouse,12,0.48162258639456446,0.0,2.144614250988618
2025-10-01,WHHS Snr L/S Blouse,12,0.37538502017889464,0.0,1.9051339411126254
2025-11-01,WHHS Snr L/S Blouse,12,1.4283490562997927,0.0,3.021638231830351
2025-06-01,WHHS Snr L/S Blouse,14,0.5387468792834091,0.0,1.3944288223960275
2025-07-01,WHHS Snr L/S Blouse,14,1.0779615828796412,0.16016526947143475,2.0163081304368653
2025-08-01,WHHS Snr L/S Blouse,14,0.7866072316064336,0.0,1.742915541078869
2025-09-01,WHHS Snr L/S Blouse,14,0.5281704807261863,0.0,1.4915077031501984
2025-10-01,WHHS Snr L/S Blouse,14,0.5705248685177032,0.0,1.506340370938189
2025-11-01,WHHS Snr L/S Blouse,14,0.6254564679307485,0.0,1.6275610556523326
2025-06-01,WHHS Snr L/S Blouse,16,1.9214704794362956,1.1787573515775958,2.655448522976801
2025-07-01,WHHS Snr L/S Blouse,16,0.19489578481615955,0.0,0.8962807909754386
2025-08-01,WHHS Snr L/S Blouse,16,0.3623501076536395,0.0,1.113956813452393
2025-09-01,WHHS Snr L/S Blouse,16,0.24508295514254852,0.0,0.9535261821659584
2025-10-01,WHHS Snr L/S Blouse,16,0.26789919229127523,0.0,1.0126720694722595
2025-11-01,WHHS Snr L/S Blouse,16,0.2878205455665054,0.0,0.9716310221474389
2025-06-01,WHHS Snr L/S Blouse,18,0.9871576596727951,0.5282780359190238,1.4367386285690997
2025-07-01,WHHS Snr L/S Blouse,18,0.0,0.0,0.4336698352745877
2025-08-01,WHHS Snr L/S Blouse,18,0.0,0.0,0.32708506843869484
2025-09-01,WHHS Snr L/S Blouse,18,0.0,0.0,0.28929836275118803
2025-10-01,WHHS Snr L/S Blouse,18,0.0,0.0,0.3375281319626749
2025-11-01,WHHS Snr L/S Blouse,18,0.0,0.0,0.4081782397596387
2025-06-01,WHHS Snr L/S Blouse,20,0.21160164807810253,0.0,0.4584473371073928
2025-07-01,WHHS Snr L/S Blouse,20,0.2126609925226826,0.0,0.43483629694282216
2025-08-01,WHHS Snr L/S Blouse,20,0.1959025468274396,0.0,0.429834624571451
2025-09-01,WHHS Snr L/S Blouse,20,0.16989963777969375,0.0,0.38563001673118175
2025-10-01,WHHS Snr L/S Blouse,20,0.13677080384036633,0.0,0.3743681599870502
2025-11-01,WHHS Snr L/S Blouse,20,0.10515654750257208,0.0,0.33350997797174875
2025-06-01,WHHS Snr L/S Blouse,22,0.00027532743676074445,0.0,0.5485393454177565
2025-07-01,WHHS Snr L/S Blouse,22,0.04379197661863993,0.0,0.615269709860979
2025-08-01,WHHS Snr L/S Blouse,22,0.07197390396059711,0.0,0.6513088778564667
2025-09-01,WHHS Snr L/S Blouse,22,0.08244248704122112,0.0,0.6667003807962818
2025-10-01,WHHS Snr L/S Blouse,22,0.07075139498804195,0.0,0.5952416639941335
2025-11-01,WHHS Snr L/S Blouse,22,0.04000078979844361,0.0,0.5948791951602322
2025-06-01,WHHS Snr L/S Blouse,24,0.10584722976424543,0.0,0.44047333445706727
2025-07-01,WHHS Snr L/S Blouse,24,0.0,0.0,0.11398956092420214
2025-08-01,WHHS Snr L/S Blouse,24,0.0,0.0,0.1384950136896068
2025-09-01,WHHS Snr L/S Blouse,24,0.0,0.0,0.12253573230313661
2025-10-01,WHHS Snr L/S Blouse,24,0.0,0.0,0.1593773155027594
2025-11-01,WHHS Snr L/S Blouse,24,0.0,0.0,0.16498160910517817
2025-06-01,WHHS Snr L/S Blouse,26,0.10580082403905126,0.0,0.22383016413590928
2025-07-01,WHHS Snr L/S Blouse,26,0.1063304962613413,0.0,0.21762383943621974
2025-08-01,WHHS Snr L/S Blouse,26,0.0979512734137198,0.0,0.2180124173265109
2025-09-01,WHHS Snr L/S Blouse,26,0.08494981888984687,0.0,0.20029367251893498
2025-10-01,WHHS Snr L/S Blouse,26,0.06838540192018316,0.0,0.1739677978279525
2025-11-01,WHHS Snr L/S Blouse,26,0.05257827375128604,0.0,0.16442833125156212
2025-06-01,WHHS Snr L/S Blouse,28,0.1760547921752098,0.0,0.6231501983716471
2025-07-01,WHHS Snr L/S Blouse,28,0.0,0.0,0.34680604746944654
2025-08-01,WHHS Snr L/S Blouse,28,0.0,0.0,0.33619313272301565
2025-09-01,WHHS Snr L/S Blouse,28,0.0,0.0,0.3547777226656569
2025-10-01,WHHS Snr L/S Blouse,28,0.0,0.0,0.40892001290565805
2025-11-01,WHHS Snr L/S Blouse,28,0.0,0.0,0.45662863598144954
2025-06-01,WHHS Snr L/S Blouse,30,0.0,0.0,0.11679982744603094
2025-07-01,WHHS Snr L/S Blouse,30,0.0005033651050000802,0.0,0.13194390696866184
2025-08-01,WHHS Snr L/S Blouse,30,0.016753080647742974,0.0,0.144518843073537
2025-09-01,WHHS Snr L/S Blouse,30,0.028693265124160726,0.0,0.14708845289403177
2025-10-01,WHHS Snr L/S Blouse,30,0.033356943616296736,0.0,0.1655182699575981
2025-11-01,WHHS Snr L/S Blouse,30,0.02980099132885235,0.0,0.1544101326796186
2025-06-01,WHHS Snr L/S Blouse,6,0.7942904001917992,0.0,1.989148352969907
2025-07-01,WHHS Snr L/S Blouse,6,0.0,0.0,0.9958312415048196
2025-08-01,WHHS Snr L/S Blouse,6,0.11406196236493438,0.0,1.4026252689363845
2025-09-01,WHHS Snr L/S Blouse,6,0.0,0.0,1.0779834305758498
2025-10-01,WHHS Snr L/S Blouse,6,0.0,0.0,0.9632957496766774
2025-11-01,WHHS Snr L/S Blouse,6,0.0,0.0,0.9804911903077236
2025-06-01,WHHS Snr L/S Blouse,8,2.0938624642870387,0.34354664198718954,3.8247615491948976
2025-07-01,WHHS Snr L/S Blouse,8,1.905064922584486,0.10723080315594409,3.6108475703992644
2025-08-01,WHHS Snr L/S Blouse,8,1.749306851103544,0.15151784736240476,3.494222011188196
2025-09-01,WHHS Snr L/S Blouse,8,0.4348357963782743,0.0,2.220960240820754
2025-10-01,WHHS Snr L/S Blouse,8,0.48167802920814284,0.0,2.223278501785748
2025-11-01,WHHS Snr L/S Blouse,8,0.4718650872321495,0.0,2.1415417062639737
2025-06-01,WHHS Snr L/S Shirt,12,0.0010819171860744492,0.0,0.37092472756071115
2025-07-01,WHHS Snr L/S Shirt,12,0.0,0.0,0.36271104348367256
2025-08-01,WHHS Snr L/S Shirt,12,0.0,0.0,0.36550689337902753
2025-09-01,WHHS Snr L/S Shirt,12,0.0,0.0,0.3722954061277188
2025-10-01,WHHS Snr L/S Shirt,12,0.0,0.0,0.37493130260112983
2025-11-01,WHHS Snr L/S Shirt,12,0.0,0.0,0.3680673723845219
2025-06-01,WHHS Snr L/S Shirt,14,0.0,0.0,0.24194692914100036
2025-07-01,WHHS Snr L/S Shirt,14,0.0,0.0,0.27074503797299615
2025-08-01,WHHS Snr L/S Shirt,14,0.0,0.0,0.30819243926263257
2025-09-01,WHHS Snr L/S Shirt,14,0.0,0.0,0.2644883597743493
2025-10-01,WHHS Snr L/S Shirt,14,0.0,0.0,0.3241003899222046
2025-11-01,WHHS Snr L/S Shirt,14,0.23033569719332564,0.0,0.6456306985827248
2025-06-01,WHHS Snr L/S Shirt,16,0.0,0.0,0.3442999156663097
2025-07-01,WHHS Snr L/S Shirt,16,0.07495782290696645,0.0,0.6258337923243562
2025-08-01,WHHS Snr L/S Shirt,16,0.07311050903502839,0.0,0.5903074176924619
2025-09-01,WHHS Snr L/S Shirt,16,0.0,0.0,0.511190832012006
2025-10-01,WHHS Snr L/S Shirt,16,0.0,0.0,0.4414429256424469
2025-11-01,WHHS Snr L/S Shirt,16,0.0,0.0,0.41242687347037443
2025-06-01,WHHS Snr L/S Shirt,2XL,0.0,0.0,0.516382096560387
2025-07-01,WHHS Snr L/S Shirt,2XL,0.0,0.0,0.5062899419021983
2025-08-01,WHHS Snr L/S Shirt,2XL,0.0,0.0,0.5667557828736877
2025-09-01,WHHS Snr L/S Shirt,2XL,0.0,0.0,0.5325383720683409
2025-10-01,WHHS Snr L/S Shirt,2XL,0.0,0.0,0.5998580583156945
2025-11-01,WHHS Snr L/S Shirt,2XL,0.0,0.0,0.5610547900031018
2025-06-01,WHHS Snr L/S Shirt,3XL,0.0,0.0,0.17757391468083206
2025-07-01,WHHS Snr L/S Shirt,3XL,0.0,0.0,0.16532536238050938
2025-08-01,WHHS Snr L/S Shirt,3XL,0.0,0.0,0.16790828882064135
2025-09-01,WHHS Snr L/S Shirt,3XL,0.0,0.0,0.1487529377346437
2025-10-01,WHHS Snr L/S Shirt,3XL,0.0,0.0,0.14915159671580586
2025-11-01,WHHS Snr L/S Shirt,3XL,0.0,0.0,0.1621081123211091
2025-06-01,WHHS Snr L/S Shirt,4XL,0.0,0.0,0.3511290925167666
2025-07-01,WHHS Snr L/S Shirt,4XL,0.0,0.0,0.35495062176355446
2025-08-01,WHHS Snr L/S Shirt,4XL,0.0,0.0,0.36826082028326207
2025-09-01,WHHS Snr L/S Shirt,4XL,0.0,0.0,0.36358335213869925
2025-10-01,WHHS Snr L/S Shirt,4XL,0.0,0.0,0.3164763104663838
2025-11-01,WHHS Snr L/S Shirt,4XL,0.0,0.0,0.40726598297471256
2025-06-01,WHHS Snr L/S Shirt,5XL,0.0,0.0,0.08095128100708583
2025-07-01,WHHS Snr L/S Shirt,5XL,0.0,0.0,0.09549518508526453
2025-08-01,WHHS Snr L/S Shirt,5XL,0.0,0.0,0.09025774097437568
2025-09-01,WHHS Snr L/S Shirt,5XL,0.0,0.0,0.07431834852270873
2025-10-01,WHHS Snr L/S Shirt,5XL,0.0,0.0,0.07172866102566354
2025-11-01,WHHS Snr L/S Shirt,5XL,0.0,0.0,0.07896673778201524
2025-06-01,WHHS Snr L/S Shirt,L,0.9766608746082994,0.0,2.7547183992567548
2025-07-01,WHHS Snr L/S Shirt,L,0.0,0.0,1.1561197958307066
2025-08-01,WHHS Snr L/S Shirt,L,0.4175393451759646,0.0,2.164217088863108
2025-09-01,WHHS Snr L/S Shirt,L,0.0,0.0,1.1835261204159564
2025-10-01,WHHS Snr L/S Shirt,L,0.0,0.0,1.2449676122250006
2025-11-01,WHHS Snr L/S Shirt,L,0.0,0.0,0.6613985962531201
2025-06-01,WHHS Snr L/S Shirt,M,0.3715136568738062,0.0,2.2731116194332426
2025-07-01,WHHS Snr L/S Shirt,M,0.0,0.0,1.7785028985700486
2025-08-01,WHHS Snr L/S Shirt,M,0.0,0.0,1.3099952425793668
2025-09-01,WHHS Snr L/S Shirt,M,0.0,0.0,1.2142568171740091
2025-10-01,WHHS Snr L/S Shirt,M,0.0,0.0,1.4069992880782283
2025-11-01,WHHS Snr L/S Shirt,M,0.0,0.0,0.8513217493952153
2025-06-01,WHHS Snr L/S Shirt,S,0.0,0.0,0.6643553403991709
2025-07-01,WHHS Snr L/S Shirt,S,2.054915814801216,1.2007386255785066,2.8848701334642066
2025-08-01,WHHS Snr L/S Shirt,S,0.0,0.0,0.6057952973927462
2025-09-01,WHHS Snr L/S Shirt,S,0.0,0.0,0.750871078731453
2025-10-01,WHHS Snr L/S Shirt,S,0.0,0.0,0.15469872227583736
2025-11-01,WHHS Snr L/S Shirt,S,0.0,0.0,0.1011258662815197
2025-06-01,WHHS Snr L/S Shirt,XL,0.2511906721439363,0.0,0.9841326845634456
2025-07-01,WHHS Snr L/S Shirt,XL,0.22541927250715893,0.0,0.9947000020114489
2025-08-01,WHHS Snr L/S Shirt,XL,0.22078827045914906,0.0,1.0027924878934666
2025-09-01,WHHS Snr L/S Shirt,XL,0.23884866487916306,0.0,1.0108180150648354
2025-10-01,WHHS Snr L/S Shirt,XL,0.27323094208047666,0.0,1.0427703158675692
2025-11-01,WHHS Snr L/S Shirt,XL,0.31760078164066574,0.0,1.0849434132281954
2025-06-01,WHHS Snr Navy Polo,10,0.0,0.0,0.8634844758202553
2025-07-01,WHHS Snr Navy Polo,10,0.0,0.0,0.906751599633588
2025-08-01,WHHS Snr Navy Polo,10,0.0,0.0,0.961373767540208
2025-09-01,WHHS Snr Navy Polo,10,0.0,0.0,0.9712207335518478
2025-10-01,WHHS Snr Navy Polo,10,0.0,0.0,0.9604841809179429
2025-11-01,WHHS Snr Navy Polo,10,0.0,0.0,0.9270094675233238
2025-06-01,WHHS Snr Navy Polo,12,0.0,0.0,0.3678605982802986
2025-07-01,WHHS Snr Navy Polo,12,0.0,0.0,0.36510849062769507
2025-08-01,WHHS Snr Navy Polo,12,0.0,0.0,0.4038219023433691
2025-09-01,WHHS Snr Navy Polo,12,0.0,0.0,0.3747836332544446
2025-10-01,WHHS Snr Navy Polo,12,0.0,0.0,0.37659788424583757
2025-11-01,WHHS Snr Navy Polo,12,0.0,0.0,0.3549088709912958
2025-06-01,WHHS Snr Navy Polo,14,0.0,0.0,1.2701147145251375
2025-07-01,WHHS Snr Navy Polo,14,0.0,0.0,1.1971913276453947
2025-08-01,WHHS Snr Navy Polo,14,0.0,0.0,1.1775230207594127
2025-09-01,WHHS Snr Navy Polo,14,0.0,0.0,1.1498670006592688
2025-10-01,WHHS Snr Navy Polo,14,0.0,0.0,1.1354996283155514
2025-11-01,WHHS Snr Navy Polo,14,0.0,0.0,1.0675686526049248
2025-06-01,WHHS Snr Navy Polo,2XL,0.0,0.0,0.3830645081536278
2025-07-01,WHHS Snr Navy Polo,2XL,0.0,0.0,0.5127420413219967
2025-08-01,WHHS Snr Navy Polo,2XL,0.0,0.0,0.42938127460830866
2025-09-01,WHHS Snr Navy Polo,2XL,0.0,0.0,0.42323103768210635
2025-10-01,WHHS Snr Navy Polo,2XL,0.0,0.0,0.4474485737304287
2025-11-01,WHHS Snr Navy Polo,2XL,0.0,0.0,0.4375507579956965
2025-06-01,WHHS Snr Navy Polo,4XL,0.0,0.0,0.18704182373415323
2025-07-01,WHHS Snr Navy Polo,4XL,0.0,0.0,0.19292349477079465
2025-08-01,WHHS Snr Navy Polo,4XL,0.0,0.0,0.15847745549055092
2025-09-01,WHHS Snr Navy Polo,4XL,0.0,0.0,0.18286219931253897
2025-10-01,WHHS Snr Navy Polo,4XL,0.0,0.0,0.18684314218655332
2025-11-01,WHHS Snr Navy Polo,4XL,0.0,0.0,0.15628696665247305
2025-06-01,WHHS Snr Navy Polo,6XL,0.0,0.0,0.08757899318732207
2025-07-01,WHHS Snr Navy Polo,6XL,0.0,0.0,0.0955505883815139
2025-08-01,WHHS Snr Navy Polo,6XL,0.0,0.0,0.09819633822634137
2025-09-01,WHHS Snr Navy Polo,6XL,0.0,0.0,0.09924318890881935
2025-10-01,WHHS Snr Navy Polo,6XL,0.0,0.0,0.08835048629472941
2025-11-01,WHHS Snr Navy Polo,6XL,0.0,0.0,0.08661626746660174
2025-06-01,WHHS Snr Navy Polo,8,0.0,0.0,0.5232860968092766
2025-07-01,WHHS Snr Navy Polo,8,0.0,0.0,0.599790344172663
2025-08-01,WHHS Snr Navy Polo,8,0.0,0.0,0.5596975019671852
2025-09-01,WHHS Snr Navy Polo,8,0.0,0.0,0.6787898930404793
2025-10-01,WHHS Snr Navy Polo,8,0.0,0.0,0.5541692429025942
2025-11-01,WHHS Snr Navy Polo,8,0.0,0.0,0.530419903405791
2025-06-01,WHHS Snr Navy Polo,L,0.0,0.0,0.8511307694795596
2025-07-01,WHHS Snr Navy Polo,L,0.0,0.0,0.8368545589436619
2025-08-01,WHHS Snr Navy Polo,L,0.0,0.0,0.8365763940371905
2025-09-01,WHHS Snr Navy Polo,L,0.0,0.0,0.7566191192629226
2025-10-01,WHHS Snr Navy Polo,L,0.0,0.0,0.8262492611108037
2025-11-01,WHHS Snr Navy Polo,L,0.0,0.0,0.7481721326550711
2025-06-01,WHHS Snr Navy Polo,M,0.0,0.0,0.4771077502950457
2025-07-01,WHHS Snr Navy Polo,M,0.0,0.0,0.46363859510547045
2025-08-01,WHHS Snr Navy Polo,M,0.0,0.0,0.5054872794419509
2025-09-01,WHHS Snr Navy Polo,M,0.0,0.0,0.46036119284230725
2025-10-01,WHHS Snr Navy Polo,M,0.0,0.0,0.46771644799362067
2025-11-01,WHHS Snr Navy Polo,M,0.0,0.0,0.41067693859356746
2025-06-01,WHHS Snr Navy Polo,S,0.0,0.0,0.6878752680509522
2025-07-01,WHHS Snr Navy Polo,S,0.0,0.0,0.6330391509641399
2025-08-01,WHHS Snr Navy Polo,S,0.0,0.0,0.629021123294307
2025-09-01,WHHS Snr Navy Polo,S,0.0,0.0,0.6563957534167955
2025-10-01,WHHS Snr Navy Polo,S,0.0,0.0,0.49897716244041024
2025-11-01,WHHS Snr Navy Polo,S,0.0,0.0,0.5661676109545538
2025-06-01,WHHS Snr Navy Polo,XL,0.0,0.0,0.2906025679006599
2025-07-01,WHHS Snr Navy Polo,XL,0.0,0.0,0.28064528621893015
2025-08-01,WHHS Snr Navy Polo,XL,0.0,0.0,0.3204293616977893
2025-09-01,WHHS Snr Navy Polo,XL,0.0,0.0,0.30324664538109986
2025-10-01,WHHS Snr Navy Polo,XL,0.0,0.0,0.26666789943949626
2025-11-01,WHHS Snr Navy Polo,XL,0.0,0.0,0.25537327670356785
2025-06-01,WHHS Snr Navy Polo,XS,0.0,0.0,0.8400584663769476
2025-07-01,WHHS Snr Navy Polo,XS,0.0,0.0,0.707687267226575
2025-08-01,WHHS Snr Navy Polo,XS,0.0,0.0,0.7671191766413632
2025-09-01,WHHS Snr Navy Polo,XS,0.0,0.0,0.9981079547238912
2025-10-01,WHHS Snr Navy Polo,XS,0.0,0.0,0.7884299473522957
2025-11-01,WHHS Snr Navy Polo,XS,0.0,0.0,0.7575567976942776
2025-06-01,WHHS Snr S/S Blouse,10,0.0,0.0,1.1836889863260724
2025-07-01,WHHS Snr S/S Blouse,10,0.0,0.0,0.7693278727164097
2025-08-01,WHHS Snr S/S Blouse,10,0.0,0.0,1.608627874029984
2025-09-01,WHHS Snr S/S Blouse,10,0.0,0.0,0.6217443117445284
2025-10-01,WHHS Snr S/S Blouse,10,0.0,0.0,1.9416207023807488
2025-11-01,WHHS Snr S/S Blouse,10,0.0,0.0,2.452678732945994
2025-06-01,WHHS Snr S/S Blouse,12,0.0,0.0,2.261971421171266
2025-07-01,WHHS Snr S/S Blouse,12,0.0,0.0,2.552102160065496
2025-08-01,WHHS Snr S/S Blouse,12,0.0,0.0,3.0531247597119417
2025-09-01,WHHS Snr S/S Blouse,12,0.0,0.0,2.4804898610372463
2025-10-01,WHHS Snr S/S Blouse,12,0.0,0.0,1.8287519623259139
2025-11-01,WHHS Snr S/S Blouse,12,0.0,0.0,2.27253669214968
2025-06-01,WHHS Snr S/S Blouse,14,0.5354827018351807,0.0,3.763667922936129
2025-07-01,WHHS Snr S/S Blouse,14,0.060680745940006275,0.0,3.183242944678438
2025-08-01,WHHS Snr S/S Blouse,14,0.21694837534765554,0.0,3.4503091803703367
2025-09-01,WHHS Snr S/S Blouse,14,0.0,0.0,3.309405830348744
2025-10-01,WHHS Snr S/S Blouse,14,0.0,0.0,3.0824283180241587
2025-11-01,WHHS Snr S/S Blouse,14,1.181429984348541,0.0,4.471238966790403
2025-06-01,WHHS Snr S/S Blouse,16,0.0,0.0,1.8604806540164152
2025-07-01,WHHS Snr S/S Blouse,16,0.1237213290681991,0.0,2.0448562995025394
2025-08-01,WHHS Snr S/S Blouse,16,1.523862311062042,0.0,3.6813533773463125
2025-09-01,WHHS Snr S/S Blouse,16,0.0,0.0,1.8612814696547029
2025-10-01,WHHS Snr S/S Blouse,16,0.0,0.0,1.7816974871081772
2025-11-01,WHHS Snr S/S Blouse,16,0.0,0.0,1.63116640680885
2025-06-01,WHHS Snr S/S Blouse,18,0.542972640316545,0.0,2.2600934679527294
2025-07-01,WHHS Snr S/S Blouse,18,0.0,0.0,0.5775665149148494
2025-08-01,WHHS Snr S/S Blouse,18,0.0,0.0,0.4893368285812342
2025-09-01,WHHS Snr S/S Blouse,18,0.0,0.0,0.6101558324070122
2025-10-01,WHHS Snr S/S Blouse,18,0.0,0.0,0.7165258100297262
2025-11-01,WHHS Snr S/S Blouse,18,0.0,0.0,0.6769789623266376
2025-06-01,WHHS Snr S/S Blouse,20,0.37238324097504405,0.0,1.5689482439896336
2025-07-01,WHHS Snr S/S Blouse,20,0.3051599563671139,0.0,1.5667360707949105
2025-08-01,WHHS Snr S/S Blouse,20,0.8067975979484491,0.0,1.9591094571169603
2025-09-01,WHHS Snr S/S Blouse,20,0.17668916773249566,0.0,1.3043118483318454
2025-10-01,WHHS Snr S/S Blouse,20,0.1579790403322089,0.0,1.3139038926067994
2025-11-01,WHHS Snr S/S Blouse,20,0.17309634996762457,0.0,1.4380349289953498
2025-06-01,WHHS Snr S/S Blouse,22,0.4035367037323102,0.0,1.3590729640075698
2025-07-01,WHHS Snr S/S Blouse,22,0.4335508670373258,0.0,1.3498610091151664
2025-08-01,WHHS Snr S/S Blouse,22,0.6064487330435986,0.0,1.52467562594708
2025-09-01,WHHS Snr S/S Blouse,22,0.49196311954779764,0.0,1.366574366634799
2025-10-01,WHHS Snr S/S Blouse,22,1.065138868767956,0.166449481294533,1.9257757222319534
2025-11-01,WHHS Snr S/S Blouse,22,0.4823978981845808,0.0,1.4148801293501319
2025-06-01,WHHS Snr S/S Blouse,24,0.0,0.0,0.32487069870383495
2025-07-01,WHHS Snr S/S Blouse,24,0.0,0.0,0.26737243666752103
2025-08-01,WHHS Snr S/S Blouse,24,0.0,0.0,0.3146066684134582
2025-09-01,WHHS Snr S/S Blouse,24,0.0,0.0,0.2951852136077678
2025-10-01,WHHS Snr S/S Blouse,24,0.0,0.0,0.16865978205233012
2025-11-01,WHHS Snr S/S Blouse,24,0.0,0.0,0.2190040782513
2025-06-01,WHHS Snr S/S Blouse,26,0.17406563178325962,0.0,0.5019516639244113
2025-07-01,WHHS Snr S/S Blouse,26,0.15254394463387888,0.0,0.4850357135810839
2025-08-01,WHHS Snr S/S Blouse,26,0.13201692310672664,0.0,0.4922975783555972
2025-09-01,WHHS Snr S/S Blouse,26,0.11704353294646264,0.0,0.5007590395266842
2025-10-01,WHHS Snr S/S Blouse,26,0.11258898645806559,0.0,0.47392407926956076
2025-11-01,WHHS Snr S/S Blouse,26,0.12164972878184754,0.0,0.4310584987068668
2025-06-01,WHHS Snr S/S Blouse,28,0.25500373481418964,0.0,0.968779350727827
2025-07-01,WHHS Snr S/S Blouse,28,0.2615032737986859,0.0,0.8948252533639286
2025-08-01,WHHS Snr S/S Blouse,28,0.22922551004706765,0.0,0.8412958965600132
2025-09-01,WHHS Snr S/S Blouse,28,0.17397868126030686,0.0,0.7778358321138988
2025-10-01,WHHS Snr S/S Blouse,28,0.10085943239831596,0.0,0.7167918434042838
2025-11-01,WHHS Snr S/S Blouse,28,0.027696838211141772,0.0,0.6474962609888015
2025-06-01,WHHS Snr S/S Blouse,30,0.3980522772161194,0.0,1.0640554555188528
2025-07-01,WHHS Snr S/S Blouse,30,0.39955946512148793,0.0,1.0271738414324119
2025-08-01,WHHS Snr S/S Blouse,30,0.3674585263399182,0.0,1.065106598671509
2025-09-01,WHHS Snr S/S Blouse,30,0.8778576390292125,0.20303950427902054,1.5611497975975757
2025-10-01,WHHS Snr S/S Blouse,30,0.23527533773089196,0.0,0.921870566583878
2025-11-01,WHHS Snr S/S Blouse,30,0.17591873894312993,0.0,0.8955309095472882
2025-06-01,WHHS Snr S/S Blouse,32,0.07026519239390291,0.0,0.43304855722665864
2025-07-01,WHHS Snr S/S Blouse,32,0.06640053107223916,0.0,0.42443411743304116
2025-08-01,WHHS Snr S/S Blouse,32,0.04918782752381626,0.0,0.40039217976229735
2025-09-01,WHHS Snr S/S Blouse,32,0.02439743596999508,0.0,0.4038724564994155
2025-10-01,WHHS Snr S/S Blouse,32,0.0,0.0,0.3542799202151399
2025-11-01,WHHS Snr S/S Blouse,32,0.0,0.0,0.3247897749184743
2025-06-01,WHHS Snr S/S Blouse,6,0.0771511142321899,0.0,1.440440964675834
2025-07-01,WHHS Snr S/S Blouse,6,0.0,0.0,1.3781101396793214
2025-08-01,WHHS Snr S/S Blouse,6,0.04886012827498831,0.0,1.4942817254110907
2025-09-01,WHHS Snr S/S Blouse,6,0.0,0.0,1.030576154792592
2025-10-01,WHHS Snr S/S Blouse,6,0.0,0.0,1.1508261394124475
2025-11-01,WHHS Snr S/S Blouse,6,0.05414851512577412,0.0,1.442544335074573
2025-06-01,WHHS Snr S/S Blouse,8,0.36328361098109774,0.0,2.678222515625297
2025-07-01,WHHS Snr S/S Blouse,8,0.6836114718012607,0.0,2.928017156907861
2025-08-01,WHHS Snr S/S Blouse,8,2.456629716303787,0.20938963668678548,4.760715680791123
2025-09-01,WHHS Snr S/S Blouse,8,0.34077220243834905,0.0,2.6754056902080174
2025-10-01,WHHS Snr S/S Blouse,8,0.46569136088346497,0.0,2.9244567812577724
2025-11-01,WHHS Snr S/S Blouse,8,1.1255854909044163,0.0,3.4341482097298797
2025-06-01,WHHS Snr Shirt,12,0.48618573613376315,0.0,1.4028644815092493
2025-07-01,WHHS Snr Shirt,12,0.7117108573096655,0.0,1.6898493909395451
2025-08-01,WHHS Snr Shirt,12,0.3722062883430496,0.0,1.2735611726744103
2025-09-01,WHHS Snr Shirt,12,0.3401841410074712,0.0,1.2986611751716708
2025-10-01,WHHS Snr Shirt,12,0.3335434754386837,0.0,1.2688940724190414
2025-11-01,WHHS Snr Shirt,12,0.35655109473488544,0.0,1.3380687922367183
2025-06-01,WHHS Snr Shirt,14,4.428017299629161e-05,0.0,1.317248837378705
2025-07-01,WHHS Snr Shirt,14,0.5201524382614067,0.0,1.769863960072243
2025-08-01,WHHS Snr Shirt,14,0.4428119160087338,0.0,1.796616299588439
2025-09-01,WHHS Snr Shirt,14,0.3703014504699549,0.0,1.5924373935368383
2025-10-01,WHHS Snr Shirt,14,0.31110805898392013,0.0,1.5703391973353218
2025-11-01,WHHS Snr Shirt,14,0.8612023082608721,0.0,2.2806830733622525
2025-06-01,WHHS Snr Shirt,16,0.0,0.0,1.0205183350978002
2025-07-01,WHHS Snr Shirt,16,0.376817224870974,0.0,2.317904744851809
2025-08-01,WHHS Snr Shirt,16,0.0,0.0,1.6638181022845802
2025-09-01,WHHS Snr Shirt,16,0.0,0.0,1.2225714372985683
2025-10-01,WHHS Snr Shirt,16,0.0,0.0,1.1028197337084367
2025-11-01,WHHS Snr Shirt,16,0.0,0.0,1.2315509194804248
2025-06-01,WHHS Snr Shirt,2XL,0.0,0.0,0.6867856321081391
2025-07-01,WHHS Snr Shirt,2XL,0.0,0.0,0.643164147817641
2025-08-01,WHHS Snr Shirt,2XL,0.0,0.0,0.5641811061087688
2025-09-01,WHHS Snr Shirt,2XL,0.0,0.0,0.5803959113401949
2025-10-01,WHHS Snr Shirt,2XL,0.0,0.0,0.5612447241201522
2025-11-01,WHHS Snr Shirt,2XL,0.2694273089410004,0.0,1.7130343370415024
2025-06-01,WHHS Snr Shirt,3XL,0.0,0.0,0.04756727718906228
2025-07-01,WHHS Snr Shirt,3XL,0.0,0.0,0.13479049293158143
2025-08-01,WHHS Snr Shirt,3XL,0.0,0.0,0.15513334354595737
2025-09-01,WHHS Snr Shirt,3XL,0.0,0.0,0.41049920448416355
2025-10-01,WHHS Snr Shirt,3XL,0.0,0.0,0.10395035855817358
2025-11-01,WHHS Snr Shirt,3XL,0.0,0.0,0.07521751969638814
2025-06-01,WHHS Snr Shirt,4XL,0.0,0.0,0.0
2025-07-01,WHHS Snr Shirt,4XL,0.0,0.0,0.0
2025-08-01,WHHS Snr Shirt,4XL,0.0,0.0,0.0
2025-09-01,WHHS Snr Shirt,4XL,0.0,0.0,0.056923857538725565
2025-10-01,WHHS Snr Shirt,4XL,0.0,0.0,0.1965681846937149
2025-11-01,WHHS Snr Shirt,4XL,0.0,0.0,0.3232970846317951
2025-06-01,WHHS Snr Shirt,5XL,0.724312942246911,0.13371178689659866,1.3350368884734976
2025-07-01,WHHS Snr Shirt,5XL,0.0,0.0,0.21083409439634784
2025-08-01,WHHS Snr Shirt,5XL,0.0,0.0,0.28700115520325875
2025-09-01,WHHS Snr Shirt,5XL,0.0,0.0,0.3219768136813512
2025-10-01,WHHS Snr Shirt,5XL,0.0,0.0,0.40537471848470824
2025-11-01,WHHS Snr Shirt,5XL,0.0,0.0,0.4397116009807437
2025-06-01,WHHS Snr Shirt,6XL,0.0743237030809939,0.0,0.5015692664698395
2025-07-01,WHHS Snr Shirt,6XL,0.017344126861774667,0.0,0.47408685298902276
2025-08-01,WHHS Snr Shirt,6XL,0.0,0.0,0.4629278487207916
2025-09-01,WHHS Snr Shirt,6XL,0.017287262905087752,0.0,0.4470292393804154
2025-10-01,WHHS Snr Shirt,6XL,1.2010709946076124,0.7677069623747441,1.6471563662360351
2025-11-01,WHHS Snr Shirt,6XL,0.13196915508601637,0.0,0.6107292199897677
2025-06-01,WHHS Snr Shirt,7XL,0.0,0.0,0.10373583273056163
2025-07-01,WHHS Snr Shirt,7XL,0.0,0.0,0.09812116419510881
2025-08-01,WHHS Snr Shirt,7XL,0.0,0.0,0.08522093543420502
2025-09-01,WHHS Snr Shirt,7XL,0.0,0.0,0.08771764985189937
2025-10-01,WHHS Snr Shirt,7XL,0.0,0.0,0.09047368856285438
2025-11-01,WHHS Snr Shirt,7XL,0.0,0.0,0.10002799708251647
2025-06-01,WHHS Snr Shirt,L,0.8220296757138534,0.0,3.2652491142199755
2025-07-01,WHHS Snr Shirt,L,0.17881411349112142,0.0,2.8152187785755736
2025-08-01,WHHS Snr Shirt,L,2.335592721806522,0.0,4.869584512029672
2025-09-01,WHHS Snr Shirt,L,0.5812342371996295,0.0,3.3220961225929755
2025-10-01,WHHS Snr Shirt,L,0.941418641422239,0.0,3.5277348305779923
2025-11-01,WHHS Snr Shirt,L,0.003298252876141383,0.0,2.4866346775397137
2025-06-01,WHHS Snr Shirt,M,0.0,0.0,2.163130227748837
2025-07-01,WHHS Snr Shirt,M,0.0,0.0,1.9398781415758357
2025-08-01,WHHS Snr Shirt,M,0.0,0.0,2.4018904663538296
2025-09-01,WHHS Snr Shirt,M,0.0,0.0,2.007033536115427
2025-10-01,WHHS Snr Shirt,M,0.0,0.0,3.5036169575670777
2025-11-01,WHHS Snr Shirt,M,0.0,0.0,1.869119328628755
2025-06-01,WHHS Snr Shirt,S,0.0,0.0,0.8356231947743219
2025-07-01,WHHS Snr Shirt,S,0.0,0.0,1.7375124469021637
2025-08-01,WHHS Snr Shirt,S,0.0,0.0,1.517464130477606
2025-09-01,WHHS Snr Shirt,S,0.0,0.0,0.7041229498799513
2025-10-01,WHHS Snr Shirt,S,0.0,0.0,1.5854911545556047
2025-11-01,WHHS Snr Shirt,S,0.0,0.0,1.3701510399308388
2025-06-01,WHHS Snr Shirt,XL,0.0,0.0,1.4854335410157782
2025-07-01,WHHS Snr Shirt,XL,0.0,0.0,1.3926469638850723
2025-08-01,WHHS Snr Shirt,XL,0.0,0.0,1.604075439738857
2025-09-01,WHHS Snr Shirt,XL,0.6542665550002752,0.0,3.366212587216923
2025-10-01,WHHS Snr Shirt,XL,0.0,0.0,2.8446430707099917
2025-11-01,WHHS Snr Shirt,XL,0.0,0.0,2.2415884729980475
2025-06-01,WHHS Snr Shorts,100,0.0,0.0,0.55348523898671
2025-07-01,WHHS Snr Shorts,100,0.0,0.0,0.6621823777072333
2025-08-01,WHHS Snr Shorts,100,0.0,0.0,0.9480589878399895
2025-09-01,WHHS Snr Shorts,100,0.0,0.0,0.7413273230402362
2025-10-01,WHHS Snr Shorts,100,0.0,0.0,0.7564404781492698
2025-11-01,WHHS Snr Shorts,100,0.0,0.0,0.9390578620181033
2025-06-01,WHHS Snr Shorts,104,0.0,0.0,1.3123540323612986
2025-07-01,WHHS Snr Shorts,104,0.0,0.0,1.324948159476887
2025-08-01,WHHS Snr Shorts,104,0.22812432796650534,0.0,1.5888295308481004
2025-09-01,WHHS Snr Shorts,104,0.0,0.0,1.345085292322861
2025-10-01,WHHS Snr Shorts,104,0.0,0.0,1.1922063915978784
2025-11-01,WHHS Snr Shorts,104,0.2504494387845527,0.0,1.5813884217257617
2025-06-01,WHHS Snr Shorts,108,0.0,0.0,0.6675648720417664
2025-07-01,WHHS Snr Shorts,108,0.0,0.0,0.6267687414079594
2025-08-01,WHHS Snr Shorts,108,0.4949190660989952,0.0,1.2536924376132752
2025-09-01,WHHS Snr Shorts,108,0.2327822542476493,0.0,0.9673053037855577
2025-10-01,WHHS Snr Shorts,108,0.0,0.0,0.7080941944720615
2025-11-01,WHHS Snr Shorts,108,0.0,0.0,0.7744671994624283
2025-06-01,WHHS Snr Shorts,112,0.0,0.0,0.6082429425656092
2025-07-01,WHHS Snr Shorts,112,0.0,0.0,0.5841875898236216
2025-08-01,WHHS Snr Shorts,112,0.0,0.0,0.8320937777828251
2025-09-01,WHHS Snr Shorts,112,0.5594686702665068,0.0,1.705409298740738
2025-10-01,WHHS Snr Shorts,112,0.0,0.0,0.5739226782393609
2025-11-01,WHHS Snr Shorts,112,0.0,0.0,0.537552841189664
2025-06-01,WHHS Snr Shorts,116,0.0,0.0,0.6232266626377794
2025-07-01,WHHS Snr Shorts,116,0.0,0.0,0.6332504542393708
2025-08-01,WHHS Snr Shorts,116,0.0,0.0,0.613793419916856
2025-09-01,WHHS Snr Shorts,116,0.0,0.0,0.6224133801290587
2025-10-01,WHHS Snr Shorts,116,0.0,0.0,0.594675370179322
2025-11-01,WHHS Snr Shorts,116,0.0,0.0,0.5891035989293095
2025-06-01,WHHS Snr Shorts,120,0.0,0.0,0.24452979449404538
2025-07-01,WHHS Snr Shorts,120,0.0,0.0,0.25404842682012446
2025-08-01,WHHS Snr Shorts,120,0.0,0.0,0.2722978885589573
2025-09-01,WHHS Snr Shorts,120,0.003262795846964761,0.0,0.29249346480036725
2025-10-01,WHHS Snr Shorts,120,0.02502738635390636,0.0,0.3307762460209884
2025-11-01,WHHS Snr Shorts,120,0.03689982669455709,0.0,0.3347356174817712
2025-06-01,WHHS Snr Shorts,124,0.0,0.0,0.3312827902189357
2025-07-01,WHHS Snr Shorts,124,0.0,0.0,0.19907407425630808
2025-08-01,WHHS Snr Shorts,124,0.0,0.0,0.1568716314106234
2025-09-01,WHHS Snr Shorts,124,0.0,0.0,0.16804377821942149
2025-10-01,WHHS Snr Shorts,124,0.0,0.0,0.16166920870978782
2025-11-01,WHHS Snr Shorts,124,0.0,0.0,0.17072416128925413
2025-06-01,WHHS Snr Shorts,128,0.0,0.0,0.12091328740235746
2025-07-01,WHHS Snr Shorts,128,0.0,0.0,0.10511299590840432
2025-08-01,WHHS Snr Shorts,128,0.0,0.0,0.10624704518621479
2025-09-01,WHHS Snr Shorts,128,0.0,0.0,0.1127728239103158
2025-10-01,WHHS Snr Shorts,128,0.0,0.0,0.1294223789151499
2025-11-01,WHHS Snr Shorts,128,0.0,0.0,0.14731458411235818
2025-06-01,WHHS Snr Shorts,132,0.0,0.0,0.2189964921223647
2025-07-01,WHHS Snr Shorts,132,0.0,0.0,0.24275458830826727
2025-08-01,WHHS Snr Shorts,132,0.0,0.0,0.24739630280665165
2025-09-01,WHHS Snr Shorts,132,0.0,0.0,0.21552718916979843
2025-10-01,WHHS Snr Shorts,132,0.0,0.0,0.22781014714923536
2025-11-01,WHHS Snr Shorts,132,0.0,0.0,0.2390586320051002
2025-06-01,WHHS Snr Shorts,68,0.0,0.0,0.38000004233248974
2025-07-01,WHHS Snr Shorts,68,0.0,0.0,0.3821320054943465
2025-08-01,WHHS Snr Shorts,68,0.0,0.0,0.4271098560227402
2025-09-01,WHHS Snr Shorts,68,0.0,0.0,0.4113593874194165
2025-10-01,WHHS Snr Shorts,68,0.0,0.0,0.42847501381205677
2025-11-01,WHHS Snr Shorts,68,0.0,0.0,0.48316477662199414
2025-06-01,WHHS Snr Shorts,72,0.0,0.0,0.8287143222754331
2025-07-01,WHHS Snr Shorts,72,0.0,0.0,1.0137628416117732
2025-08-01,WHHS Snr Shorts,72,0.0,0.0,0.75886292371051
2025-09-01,WHHS Snr Shorts,72,0.0,0.0,0.9694389369906655
2025-10-01,WHHS Snr Shorts,72,0.0,0.0,0.8536684180757674
2025-11-01,WHHS Snr Shorts,72,0.0,0.0,1.0479955828904617
2025-06-01,WHHS Snr Shorts,76,0.0,0.0,0.0
2025-07-01,WHHS Snr Shorts,76,0.0,0.0,0.40290827526685385
2025-08-01,WHHS Snr Shorts,76,0.0,0.0,0.31635635824212655
2025-09-01,WHHS Snr Shorts,76,0.0,0.0,0.41250596900790987
2025-10-01,WHHS Snr Shorts,76,0.0,0.0,0.479549820342158
2025-11-01,WHHS Snr Shorts,76,0.0,0.0,0.38905949695635617
2025-06-01,WHHS Snr Shorts,80,0.0,0.0,2.0806689985429268
2025-07-01,WHHS Snr Shorts,80,0.0,0.0,1.7516047888161534
2025-08-01,WHHS Snr Shorts,80,0.0,0.0,0.9648322366904607
2025-09-01,WHHS Snr Shorts,80,0.0,0.0,0.8723319879087894
2025-10-01,WHHS Snr Shorts,80,0.0,0.0,1.412543727601128
2025-11-01,WHHS Snr Shorts,80,0.0,0.0,1.3865813257030717
2025-06-01,WHHS Snr Shorts,84,0.0,0.0,0.39507250256366394
2025-07-01,WHHS Snr Shorts,84,0.09154695548622072,0.0,1.3836160885301807
2025-08-01,WHHS Snr Shorts,84,0.0,0.0,0.33540713286309815
2025-09-01,WHHS Snr Shorts,84,0.0,0.0,0.32189802731235545
2025-10-01,WHHS Snr Shorts,84,0.0,0.0,0.6746046093189485
2025-11-01,WHHS Snr Shorts,84,0.0,0.0,0.12870726504553562
2025-06-01,WHHS Snr Shorts,88,0.7352774971998237,0.0,2.2915608591989276
2025-07-01,WHHS Snr Shorts,88,0.40748521333828025,0.0,1.9922767754741388
2025-08-01,WHHS Snr Shorts,88,0.0,0.0,1.3155787908848966
2025-09-01,WHHS Snr Shorts,88,1.8028088214121119,0.18941701828438853,3.483357925928883
2025-10-01,WHHS Snr Shorts,88,0.0,0.0,1.5881213284858282
2025-11-01,WHHS Snr Shorts,88,0.07295938439202398,0.0,1.6624105959292999
2025-06-01,WHHS Snr Shorts,92,0.8146560560104439,0.0,2.039270964003695
2025-07-01,WHHS Snr Shorts,92,0.8082823432405986,0.0,2.0633491764481238
2025-08-01,WHHS Snr Shorts,92,1.3413172584344575,0.16454227502381094,2.4642310109606367
2025-09-01,WHHS Snr Shorts,92,1.2862860994910987,0.0031296457555462604,2.4309106643932994
2025-10-01,WHHS Snr Shorts,92,1.0929748174604084,0.0,2.2589899428824136
2025-11-01,WHHS Snr Shorts,92,0.9187928505504055,0.0,2.0753139814676924
2025-06-01,WHHS Snr Shorts,96,0.42697509880329165,0.0,1.215035919426403
2025-07-01,WHHS Snr Shorts,96,0.18553015502195036,0.0,1.0424417686838723
2025-08-01,WHHS Snr Shorts,96,0.6458062161090805,0.0,1.444879634142807
2025-09-01,WHHS Snr Shorts,96,0.23431928493080223,0.0,1.028391063804319
2025-10-01,WHHS Snr Shorts,96,0.5098824828813653,0.0,1.2803228138092424
2025-11-01,WHHS Snr Shorts,96,0.1960836789635838,0.0,0.9789197028928938
2025-06-01,WHHS Snr Skirt,10,2.5700060019969415,0.046477887417694215,4.92672011391949
2025-07-01,WHHS Snr Skirt,10,0.9118507373677347,0.0,3.2886877428260064
2025-08-01,WHHS Snr Skirt,10,2.8153048787606463,0.3448832893031682,5.214113634575143
2025-09-01,WHHS Snr Skirt,10,1.2772481312884656,0.0,3.723090716252743
2025-10-01,WHHS Snr Skirt,10,0.9930210548674645,0.0,3.37754803637848
2025-11-01,WHHS Snr Skirt,10,1.6766371953971269,0.0,4.21778461363278
2025-06-01,WHHS Snr Skirt,12,1.4648714158372191,0.0,3.141048323238988
2025-07-01,WHHS Snr Skirt,12,0.9562918170400165,0.0,2.5841695327985637
2025-08-01,WHHS Snr Skirt,12,1.4458738158571351,0.0,3.1432387708877365
2025-09-01,WHHS Snr Skirt,12,0.8413213588894233,0.0,2.6294592843411952
2025-10-01,WHHS Snr Skirt,12,1.5596720205242391,0.0,3.305202432918179
2025-11-01,WHHS Snr Skirt,12,0.888600665065733,0.0,2.5271498678615747
2025-06-01,WHHS Snr Skirt,14,1.2725405740594704,0.0,3.7634263465867135
2025-07-01,WHHS Snr Skirt,14,1.3772254526383712,0.0,3.827721013257135
2025-08-01,WHHS Snr Skirt,14,0.6904319641885031,0.0,3.0015137189208123
2025-09-01,WHHS Snr Skirt,14,0.7738215659334398,0.0,3.0720727944866444
2025-10-01,WHHS Snr Skirt,14,0.8826399352666432,0.0,3.406865817643734
2025-11-01,WHHS Snr Skirt,14,0.9993354760924711,0.0,3.4212020080554946
2025-06-01,WHHS Snr Skirt,16,0.7823282156343224,0.0,1.8264433570616698
2025-07-01,WHHS Snr Skirt,16,1.4280776776163444,0.4271813378232389,2.5482452145947616
2025-08-01,WHHS Snr Skirt,16,0.26618722088977576,0.0,1.2974850415084576
2025-09-01,WHHS Snr Skirt,16,0.1439556830264539,0.0,1.2338621159874104
2025-10-01,WHHS Snr Skirt,16,0.20125364597273787,0.0,1.2776310214932014
2025-11-01,WHHS Snr Skirt,16,0.2870895151643089,0.0,1.4365192580880046
2025-06-01,WHHS Snr Skirt,18,0.5135020821000653,0.0,1.5792773768572483
2025-07-01,WHHS Snr Skirt,18,0.6886640825533463,0.0,1.8225387668147066
2025-08-01,WHHS Snr Skirt,18,0.3623129213333176,0.0,1.4736646525054022
2025-09-01,WHHS Snr Skirt,18,0.280373755931254,0.0,1.3575724957845012
2025-10-01,WHHS Snr Skirt,18,0.16189496512842028,0.0,1.1667196219348759
2025-11-01,WHHS Snr Skirt,18,0.03784262690457041,0.0,1.1255314221741823
2025-06-01,WHHS Snr Skirt,20,0.0,0.0,0.6143557033587421
2025-07-01,WHHS Snr Skirt,20,0.4215569387580237,0.0,1.200410831494296
2025-08-01,WHHS Snr Skirt,20,0.0,0.0,0.6232460257771206
2025-09-01,WHHS Snr Skirt,20,0.0,0.0,0.6152140783402509
2025-10-01,WHHS Snr Skirt,20,0.0,0.0,0.6022110725872228
2025-11-01,WHHS Snr Skirt,20,0.0,0.0,0.6703201673962982
2025-06-01,WHHS Snr Skirt,22,0.0,0.0,0.4756338535953783
2025-07-01,WHHS Snr Skirt,22,0.0,0.0,0.5424985794051067
2025-08-01,WHHS Snr Skirt,22,0.0,0.0,0.4353506634792012
2025-09-01,WHHS Snr Skirt,22,0.0,0.0,0.421087948284405
2025-10-01,WHHS Snr Skirt,22,0.0,0.0,0.4240049801550843
2025-11-01,WHHS Snr Skirt,22,0.0,0.0,0.2792032188650547
2025-06-01,WHHS Snr Skirt,24,0.2787441258289051,0.0,0.7226320955030656
2025-07-01,WHHS Snr Skirt,24,0.43284937675508217,0.0,0.8696725738508924
2025-08-01,WHHS Snr Skirt,24,0.26253547735842864,0.0,0.7367348636203642
2025-09-01,WHHS Snr Skirt,24,0.21170798042773115,0.0,0.6451665160977048
2025-10-01,WHHS Snr Skirt,24,0.1433398123962373,0.0,0.5761708250832949
2025-11-01,WHHS Snr Skirt,24,0.07477179396213407,0.0,0.5321204654547482
2025-06-01,WHHS Snr Skirt,26,0.006083305776806963,0.0,0.1417732457295654
2025-07-01,WHHS Snr Skirt,26,0.0,0.0,0.12784398648234285
2025-08-01,WHHS Snr Skirt,26,0.0,0.0,0.12276343412786282
2025-09-01,WHHS Snr Skirt,26,0.0,0.0,0.13245937960812817
2025-10-01,WHHS Snr Skirt,26,0.010129406596355806,0.0,0.14264158852478437
2025-11-01,WHHS Snr Skirt,26,0.027801954821263408,0.0,0.16962858035767067
2025-06-01,WHHS Snr Skirt,28,0.006494882036385818,0.0,0.5807881152231394
2025-07-01,WHHS Snr Skirt,28,0.04508984963739876,0.0,0.625965653504241
2025-08-01,WHHS Snr Skirt,28,0.0716770963632622,0.0,0.6318935922335154
2025-09-01,WHHS Snr Skirt,28,0.08336736313513371,0.0,0.7106228815392212
2025-10-01,WHHS Snr Skirt,28,0.07388275962407503,0.0,0.6507181684756128
2025-11-01,WHHS Snr Skirt,28,0.045868746040915565,0.0,0.6450112466927783
2025-06-01,WHHS Snr Skirt,34,0.0,0.0,0.25968753732510824
2025-07-01,WHHS Snr Skirt,34,0.0,0.0,0.21190565441319165
2025-08-01,WHHS Snr Skirt,34,0.0,0.0,0.21858025437062012
2025-09-01,WHHS Snr Skirt,34,0.0,0.0,0.19953818491541422
2025-10-01,WHHS Snr Skirt,34,0.0,0.0,0.20410425946152813
2025-11-01,WHHS Snr Skirt,34,0.0,0.0,0.23239267760341567
2025-06-01,WHHS Snr Skirt,4,0.16656925929749034,0.0,1.183450990722959
2025-07-01,WHHS Snr Skirt,4,0.4721516785286096,0.0,1.4965672587702599
2025-08-01,WHHS Snr Skirt,4,0.3070481043331283,0.0,1.3031396240227773
2025-09-01,WHHS Snr Skirt,4,0.11165376796355875,0.0,1.0635137787244162
2025-10-01,WHHS Snr Skirt,4,0.17420858559198305,0.0,1.2353678504169283
2025-11-01,WHHS Snr Skirt,4,0.0,0.0,1.0053441588503444
2025-06-01,WHHS Snr Skirt,6,2.18291127936347,0.5712135402931736,3.785054245917139
2025-07-01,WHHS Snr Skirt,6,2.0840089305203455,0.5805992214166141,3.5239333572022904
2025-08-01,WHHS Snr Skirt,6,1.0910269142030495,0.0,2.501917532224054
2025-09-01,WHHS Snr Skirt,6,1.9677779698017575,0.4515805315877907,3.6064408755434254
2025-10-01,WHHS Snr Skirt,6,1.4335501771330987,0.0,2.9927540342805963
2025-11-01,WHHS Snr Skirt,6,1.5234910925698504,0.005798494016113895,3.1302558604859083
2025-06-01,WHHS Snr Skirt,8,0.0,0.0,2.2233840193846675
2025-07-01,WHHS Snr Skirt,8,0.2766652889862562,0.0,2.8909979401071193
2025-08-01,WHHS Snr Skirt,8,0.11180334477570364,0.0,2.8268065145185353
2025-09-01,WHHS Snr Skirt,8,0.0,0.0,1.7268387406015548
2025-10-01,WHHS Snr Skirt,8,0.0,0.0,1.730774376477252
2025-11-01,WHHS Snr Skirt,8,0.03247863950295171,0.0,2.6790717938466693
2025-06-01,WHHS Snr Trouser,100,0.0,0.0,0.5187864753377596
2025-07-01,WHHS Snr Trouser,100,0.14399172463284537,0.0,0.7662299016426977
2025-08-01,WHHS Snr Trouser,100,0.6089950461955143,0.0,1.2281428565648682
2025-09-01,WHHS Snr Trouser,100,0.04961175781940397,0.0,0.6244586151479399
2025-10-01,WHHS Snr Trouser,100,0.1753997520516528,0.0,0.742214295768922
2025-11-01,WHHS Snr Trouser,100,0.0,0.0,0.574570729041375
2025-06-01,WHHS Snr Trouser,104,0.8323166516339939,0.1323307141964466,1.5274560049158947
2025-07-01,WHHS Snr Trouser,104,0.5136865847164146,0.0,1.2093587417369736
2025-08-01,WHHS Snr Trouser,104,0.1747816585743729,0.0,0.8504924139921596
2025-09-01,WHHS Snr Trouser,104,0.12119420388354529,0.0,0.803533947065798
2025-10-01,WHHS Snr Trouser,104,0.08167768222244798,0.0,0.7057254068418254
2025-11-01,WHHS Snr Trouser,104,0.6270303173283708,0.00977405737320005,1.3068512325758928
2025-06-01,WHHS Snr Trouser,108,0.15445769600704665,0.0,1.1151801708799929
2025-07-01,WHHS Snr Trouser,108,0.0,0.0,0.6663228125868859
2025-08-01,WHHS Snr Trouser,108,0.0,0.0,0.8263025083521666
2025-09-01,WHHS Snr Trouser,108,0.0,0.0,0.9622698494338084
2025-10-01,WHHS Snr Trouser,108,0.0,0.0,0.6877880435875854
2025-11-01,WHHS Snr Trouser,108,0.0,0.0,0.6130461716185684
2025-06-01,WHHS Snr Trouser,112,0.3095864828261607,0.0,0.7877056776098116
2025-07-01,WHHS Snr Trouser,112,0.0,0.0,0.2464515813427144
2025-08-01,WHHS Snr Trouser,112,0.0,0.0,0.2607271928280125
2025-09-01,WHHS Snr Trouser,112,0.0,0.0,0.3012376720873078
2025-10-01,WHHS Snr Trouser,112,0.0,0.0,0.3648507659095343
2025-11-01,WHHS Snr Trouser,112,0.0,0.0,0.4460381834497463
2025-06-01,WHHS Snr Trouser,116,0.0,0.0,0.13966894308085112
2025-07-01,WHHS Snr Trouser,116,0.0,0.0,0.11919697306678498
2025-08-01,WHHS Snr Trouser,116,0.0,0.0,0.15405079678576378
2025-09-01,WHHS Snr Trouser,116,0.0,0.0,0.14957327536797224
2025-10-01,WHHS Snr Trouser,116,0.0,0.0,0.12783709054879397
2025-11-01,WHHS Snr Trouser,116,0.0,0.0,0.12716617011741022
2025-06-01,WHHS Snr Trouser,120,0.11109167223896696,0.0,0.4383075046050609
2025-07-01,WHHS Snr Trouser,120,0.12085851785214757,0.0,0.441279639285768
2025-08-01,WHHS Snr Trouser,120,0.6696924815513083,0.35882773139329244,0.9795697511940343
2025-09-01,WHHS Snr Trouser,120,0.05829625496895781,0.0,0.36874789784065515
2025-10-01,WHHS Snr Trouser,120,0.01441823337701651,0.0,0.29742069291529427
2025-11-01,WHHS Snr Trouser,120,0.0,0.0,0.28213768920319526
2025-06-01,WHHS Snr Trouser,68,0.0023053776883803292,0.0,0.12187225783285079
2025-07-01,WHHS Snr Trouser,68,0.0005290954366098527,0.0,0.11871857411000786
2025-08-01,WHHS Snr Trouser,68,0.0067309926954579186,0.0,0.1376840231257079
2025-09-01,WHHS Snr Trouser,68,0.018695489074689334,0.0,0.14252124574397976
2025-10-01,WHHS Snr Trouser,68,0.03393602797629795,0.0,0.16790054935232163
2025-11-01,WHHS Snr Trouser,68,0.049156812583365364,0.0,0.1753241087857885
2025-06-01,WHHS Snr Trouser,72,0.6881366729350339,0.0,2.0735818536980077
2025-07-01,WHHS Snr Trouser,72,0.8975047932182701,0.0,2.224528969366315
2025-08-01,WHHS Snr Trouser,72,0.6446785652316516,0.0,1.942438414664737
2025-09-01,WHHS Snr Trouser,72,0.6481364520589504,0.0,2.009298840752395
2025-10-01,WHHS Snr Trouser,72,0.02467398876024951,0.0,1.3325773115059474
2025-11-01,WHHS Snr Trouser,72,0.5119975872360605,0.0,1.7778611649112763
2025-06-01,WHHS Snr Trouser,76,1.3733125977466754,0.3567134921676152,2.505875385334288
2025-07-01,WHHS Snr Trouser,76,0.3363850951529902,0.0,1.401950112142081
2025-08-01,WHHS Snr Trouser,76,1.476075740810974,0.4023646263051551,2.4974523196639735
2025-09-01,WHHS Snr Trouser,76,0.0,0.0,0.15417279434209363
2025-10-01,WHHS Snr Trouser,76,0.0,0.0,0.38688853688035957
2025-11-01,WHHS Snr Trouser,76,0.0,0.0,0.3483330042915012
2025-06-01,WHHS Snr Trouser,80,1.2959988420324322,0.0,3.935983992550912
2025-07-01,WHHS Snr Trouser,80,1.1571083837543792,0.0,3.777815272328178
2025-08-01,WHHS Snr Trouser,80,2.3822087832507024,0.0,4.930102222503618
2025-09-01,WHHS Snr Trouser,80,0.19336919593261115,0.0,2.67905159786147
2025-10-01,WHHS Snr Trouser,80,1.5630781763624162,0.0,4.2605925832552956
2025-11-01,WHHS Snr Trouser,80,0.5609168982063795,0.0,3.1948178162474443
2025-06-01,WHHS Snr Trouser,84,0.8546891310386631,0.0,2.5654760450612364
2025-07-01,WHHS Snr Trouser,84,2.282541596566601,0.6551960432610355,4.041966033901635
2025-08-01,WHHS Snr Trouser,84,3.691792208092221,1.9303137300822697,5.404399152986864
2025-09-01,WHHS Snr Trouser,84,0.8297385160386259,0.0,2.4285478980908763
2025-10-01,WHHS Snr Trouser,84,1.2650103141404347,0.0,2.8826541564294774
2025-11-01,WHHS Snr Trouser,84,0.5546408710401163,0.0,2.2023049348493466
2025-06-01,WHHS Snr Trouser,88,2.982329954908663,1.1831594507925225,4.918923716175631
2025-07-01,WHHS Snr Trouser,88,0.0,0.0,1.6429937240956531
2025-08-01,WHHS Snr Trouser,88,1.403286385037006,0.0,3.258307967785485
2025-09-01,WHHS Snr Trouser,88,0.15072767332157788,0.0,2.0595848130178784
2025-10-01,WHHS Snr Trouser,88,0.2397329178870935,0.0,1.9662907228618447
2025-11-01,WHHS Snr Trouser,88,0.22866076369707322,0.0,2.2185844113488384
2025-06-01,WHHS Snr Trouser,92,1.2429863614758345,0.0,2.46007941662181
2025-07-01,WHHS Snr Trouser,92,1.1020062276344706,0.0,2.397972525790637
2025-08-01,WHHS Snr Trouser,92,0.6824135220004872,0.0,1.8429005772052325
2025-09-01,WHHS Snr Trouser,92,0.412848423551202,0.0,1.6211808221485322
2025-10-01,WHHS Snr Trouser,92,1.5586263129040252,0.24431780776295697,2.8055382712533965
2025-11-01,WHHS Snr Trouser,92,0.42812452407206036,0.0,1.6630086481020736
2025-06-01,WHHS Snr Trouser,96,2.496602775815805,1.4604608935832777,3.534516936480303
2025-07-01,WHHS Snr Trouser,96,1.5644730134763791,0.5343419859401234,2.6323375261552777
2025-08-01,WHHS Snr Trouser,96,0.8292196619198857,0.0,1.9180864058504046
2025-09-01,WHHS Snr Trouser,96,1.0371227474394864,0.052797608150241725,2.1159958501046714
2025-10-01,WHHS Snr Trouser,96,0.6024570895935222,0.0,1.6249782718751173
2025-11-01,WHHS Snr Trouser,96,0.9852015778848751,0.0,1.9976530737149392
